"gene","PID_ATF2_PATHWAY"
"UBE2Q1",0
"UBE2Q2",0
"PMM2",0
"PMM1",0
"NCBP1",0
"ZNF708",0
"CAMK1",0
"CAMK4",0
"ZC3H13",0
"SPN",0
"RNF111",0
"PISD",0
"DHX8",0
"DHX9",0
"TCOF1",0
"XPC",0
"SP1",0
"XPA",0
"SP3",0
"NUP93",0
"FBL",0
"COL7A1",0
"GTSE1",0
"ITGA9",0
"UGCG",0
"ATP2A1",0
"ATP2A2",0
"ATP2A3",0
"ITGA1",0
"ITGA2",0
"ITGA3",0
"ITGA4",0
"RIT1",0
"ITGA7",0
"HRH4",0
"HRH2",0
"HRH3",0
"HRH1",0
"ABCB1",0
"COL4A4",0
"COL4A3",0
"COL4A2",0
"COL4A1",0
"CHST2",0
"CHST7",0
"ITGAX",0
"HLX",0
"NOG",0
"ITGAV",0
"ITGAL",0
"ITGAM",0
"ITGAD",0
"ITGAE",0
"SMAD9",0
"SMAD4",0
"SMAD5",0
"SMAD6",0
"SMAD7",0
"SMAD1",0
"SMAD2",0
"SMAD3",0
"NECAP1",0
"IGF2R",0
"PLRG1",0
"CKS1B",0
"SLC36A1",0
"SPTLC1",0
"TCEA1",0
"COX4I1",0
"BFAR",0
"CRTAM",0
"EDA",0
"PIPOX",0
"MCF2L",0
"ATP1A4",0
"ATP1A3",0
"ATP1A1",0
"MGRN1",0
"CRTAP",0
"SPHK1",0
"CPEB1",0
"ABAT",0
"FRG1",0
"IFT88",0
"KISS1R",0
"MCM10",0
"KYNU",0
"CFH",0
"PNP",0
"CFD",0
"CFB",0
"MLLT4",0
"PNN",0
"ATP6V0E1",0
"ATP6V0E2",0
"AAAS",0
"EDC3",0
"CREB3",0
"CNPY3",0
"HMG20B",0
"RFX5",0
"AVPR2",0
"NRXN2",0
"NRXN1",0
"APC",0
"UQCRC2",0
"UQCRC1",0
"GGCX",0
"GGCT",0
"BAK1",0
"B4GALT3",0
"DPYSL4",0
"TARS2",0
"DPYSL2",0
"DPYSL3",0
"GPR17",0
"IGFBP2",0
"IGFBP3",0
"HBE1",0
"B4GALT2",0
"IGFBP4",0
"CYP1B1",0
"CYP2R1",0
"GJA3",0
"GJA4",0
"S1PR2",0
"KDM3A",0
"S1PR1",0
"NSL1",0
"APIP",0
"EIF2B4",0
"EIF2B5",0
"EIF2B2",0
"EIF2B3",0
"EIF2B1",0
"PRKAR2A",0
"PRKAR2B",0
"TXNIP",0
"QPRT",0
"CFLAR",0
"ITGA2B",0
"NLGN2",0
"LRSAM1",0
"NUP107",0
"ITGA5",0
"ITGA6",0
"SF1",0
"UBE2NL",0
"FANCI",0
"ZMAT3",0
"ZMAT2",0
"MYBL1",0
"NR1D1",0
"NR1D2",0
"MYBL2",0
"ZNF2",0
"ZNF3",0
"TIPIN",0
"ZAP70",0
"CDC5L",0
"RAC2",0
"RAC3",0
"RAC1",0
"VCL",0
"LILRB4",0
"AP2A1",0
"AP2A2",0
"PBX1",0
"BCL6",0
"AIRE",0
"NSUN2",0
"TUBG1",0
"TUBG2",0
"TARS",0
"TIMM44",0
"TUFM",0
"DGAT2",0
"RAD9A",0
"B3GAT1",0
"UXT",0
"CALM2",0
"CALM3",0
"CALM1",0
"PLK1",0
"DLGAP5",0
"SRSF10",0
"OIP5",0
"PLK4",0
"BRD4",0
"BRD2",0
"DNAJA3",0
"DNAJA1",0
"AKT1",0
"PTPN13",0
"PTPN11",0
"MYCBP",0
"GALR2",0
"SETD1B",0
"LYAR",0
"CSF2RB",0
"MRPL24",0
"MRPL27",0
"DMD",0
"MRPL20",0
"MRPL23",0
"MRPL22",0
"GAB2",0
"MRPL28",0
"TFIP11",0
"HABP4",0
"NDRG1",0
"NDRG2",0
"SRSF5",0
"SRSF4",0
"SRSF7",0
"SRSF6",0
"SRSF1",0
"SRSF3",0
"SRSF2",0
"SRSF9",0
"SRSF8",0
"DNAJB11",0
"HLA-DQB1",0
"RNF135",0
"RNF138",0
"CLNS1A",0
"CDK8",0
"MCOLN1",0
"ZNF582",0
"ZNF584",0
"ZNF587",0
"CDK9",0
"ZNF589",0
"PSD",0
"CAMKK2",0
"CAMKK1",0
"RPL36AL",0
"CHMP7",0
"CHMP6",0
"BCR",0
"OR52N4",0
"CTPS2",0
"GTF2I",0
"CEP57",0
"ZNF324",0
"ZNF320",0
"SRM",0
"LGALS3",0
"LGALS1",0
"EIF2AK3",0
"EIF2AK2",0
"TDG",0
"NMB",0
"EREG",0
"ASAP1",0
"ASAP2",0
"MYO10",0
"OCRL",0
"PLAUR",0
"LPGAT1",0
"TIMM17B",0
"GCNT4",0
"GCNT1",0
"LPCAT4",0
"LPCAT2",0
"LPCAT3",0
"LPCAT1",0
"PIGA",0
"PIGB",0
"PIGC",0
"PIGF",0
"CALCRL",0
"PIGH",0
"PIGK",0
"PIGL",0
"PIGM",0
"PIGN",0
"PIGO",0
"PIGP",0
"PIGQ",0
"PIGR",0
"PIGS",0
"PIGT",0
"PIGU",0
"WRAP53",0
"PIGW",0
"PIGX",0
"TAGLN",0
"TAX1BP1",0
"SLC20A2",0
"OLR1",0
"SRRM1",0
"SRRM2",0
"PDK1",0
"PDK3",0
"PDK2",0
"EBP",0
"PDK4",0
"LNPEP",0
"SEC61A1",0
"SEC61A2",0
"PTGS2",0
"PECR",0
"PUF60",0
"SUPT3H",0
"CHST13",0
"SLC39A10",0
"EIF1AX",0
"NTRK1",0
"ARHGAP22",0
"ARHGAP26",0
"ARHGAP25",0
"ARHGAP24",0
"ARHGAP29",0
"DDIT4",0
"NFKBIL1",0
"SLCO4C1",0
"COL19A1",0
"BMP6",0
"BMP4",0
"BMP2",0
"BMP1",0
"TERF2",0
"TERF1",0
"AMD1",0
"RASSF1",0
"RASSF5",0
"NHP2",0
"ATP5C1",0
"ATP8B3",0
"CHD3",0
"CHD4",0
"CHD8",0
"CAP1",0
"NPC2",0
"NPC1",0
"SKIV2L",0
"TTC5",0
"IL4R",0
"PIKFYVE",0
"ATP10D",0
"DAG1",0
"DYNC1LI2",0
"ETHE1",0
"ABCG1",0
"ABCG2",0
"PRDM15",0
"MPO",0
"MPI",0
"PRKCZ",0
"POLRMT",0
"FUCA1",0
"MPZ",0
"GRPEL1",0
"GRPEL2",0
"FCER1G",0
"FCER1A",0
"BTG2",0
"SLA2",0
"SRD5A3",0
"SRD5A1",0
"HELLS",0
"ZFP36L1",0
"GGA1",0
"GGA3",0
"GGA2",0
"ADH5",0
"GJC2",0
"ZNF138",0
"PRKACG",0
"PRKACA",0
"PSMB9",0
"PSMB8",0
"PSMB7",0
"PSMB6",0
"PSMB5",0
"PSMB4",0
"PSMB3",0
"PSMB2",0
"ZNF136",0
"TALDO1",0
"RMI1",0
"KCNK6",0
"KCNK7",0
"MLH3",0
"MLH1",0
"SH3KBP1",0
"BEX1",0
"PMVK",0
"GRIN2C",0
"GNA12",0
"GNA13",0
"GRIN2D",0
"GNA11",0
"SH2B3",0
"TAP1",0
"TAP2",0
"MFGE8",0
"IL6ST",0
"OGDH",0
"ADD1",0
"SEMG1",0
"WEE1",0
"BCAT2",0
"BCAT1",0
"GBA2",0
"AKAP5",0
"GTF2F1",0
"AKAP1",0
"GTF2F2",0
"AKAP9",0
"EIF2A",0
"PSTK",0
"PHPT1",0
"SMC1A",0
"HSP90B1",0
"PEG10",0
"CETN2",0
"CCL28",0
"H3F3C",0
"DIO1",0
"H3F3A",0
"CCL20",0
"CCL23",0
"UCK1",0
"UCK2",0
"TP53I3",0
"CUX1",0
"TMSL3",0
"BRF2",0
"BRF1",0
"DNAJC8",0
"CSNK1A1",0
"DNAJC5",0
"DNAJC6",0
"DNAJC3",0
"GOSR2",0
"SLC18A2",0
"SLC18A1",0
"GOSR1",0
"RALBP1",0
"SPHK2",0
"RAP1B",0
"RAP1A",0
"ASAP3",0
"PHAX",0
"ACAT1",0
"ACAT2",0
"CD200R1",0
"IVD",0
"CTF1",0
"PEX3",0
"LDLR",0
"IL2RA",0
"IL2RB",0
"ZFYVE20",0
"ZFYVE28",0
"SETDB2",0
"CDK5RAP2",0
"ITCH",0
"ZNF207",0
"ERC1",0
"CHMP4B",0
"BAX",0
"BAD",0
"IARS",0
"ZNF202",0
"COBLL1",0
"CDK19",0
"PMPCB",0
"SLC37A4",0
"CDK12",0
"GPR124",0
"NEO1",0
"ATP6V1B2",0
"AASDH",0
"PTEN",0
"KCNAB1",0
"ZNF304",0
"ZNF300",0
"KCNAB3",0
"STS",0
"P2RY2",0
"SEC61G",0
"P2RY1",0
"SEC61B",0
"TFG",0
"RND1",0
"NCL",0
"CTNNBIP1",0
"PPP3CA",0
"PPP3CB",0
"PPP3CC",0
"LIF",0
"PKM2",0
"LRRC41",0
"B3GNT4",0
"B3GNT5",0
"B3GNT7",0
"B3GNT2",0
"B3GNT3",0
"FGFR2",0
"B3GNT8",0
"B3GNT9",0
"CTSW",0
"PCYT1A",0
"DAAM2",0
"HLA-DRB1",0
"HLA-DRB5",0
"PCYT1B",0
"GUK1",0
"YIF1A",0
"NDUFA4L2",0
"TLR10",0
"FN1",0
"SYT1",0
"SYT2",0
"CXCL9",0
"ATP5O",0
"ATP5L",0
"NCSTN",0
"SAP30",0
"ANGPT2",0
"ATP5D",0
"ANGPT4",0
"OXT",0
"ATP6V0A1",0
"ATP6V0A2",0
"MRPS31",0
"ATM",0
"SMPD4",0
"SMPD1",0
"HAAO",0
"SMPD3",0
"SMPD2",0
"BRIP1",0
"ATP5A1",0
"DOT1L",0
"PATL1",0
"CARS",0
"IL6R",0
"ENO1",0
"ENO2",0
"ENO3",0
"PDE7A",0
"SYCP2",0
"TAOK1",0
"TAOK2",0
"TAOK3",0
"CNOT6L",0
"LLGL2",0
"SLC22A18",0
"LLGL1",0
"SLC22A16",0
"ACOX3",0
"ACOX1",0
"OBSCN",0
"DAGLA",0
"PTK2",0
"PRKAA1",0
"ITGB3BP",0
"PFDN2",0
"MCL1",0
"SORBS1",0
"POMP",0
"SORBS3",0
"ODC1",0
"IL18RAP",0
"EOMES",0
"ARHGDIB",0
"NANP",0
"NANS",0
"ENDOG",0
"CES1",0
"CES3",0
"CES2",0
"EBF1",0
"FFAR3",0
"LMNA",0
"BDH1",0
"DDX23",0
"DDX21",0
"DDX20",0
"ZNF157",0
"ZNF154",0
"ZNF155",0
"ZNF92",0
"FLVCR1",0
"UBE2J1",0
"TBX21",0
"FBXO11",0
"GGPS1",0
"NRTN",0
"PARD6G",0
"FAM153A",0
"PARD6B",0
"PARD6A",0
"PLA2G6",0
"PLA2G7",0
"ERBB3",0
"SHC1",0
"SHC2",0
"SHC3",0
"FPR1",0
"FPR2",0
"FPR3",0
"HIST3H2BB",0
"ELL",0
"SPEN",0
"FKBP1A",0
"STAT6",0
"TIMM8B",0
"DAXX",0
"CDC16",0
"NT5C",0
"NT5E",0
"MAP1B",0
"UNC5B",0
"UNC5A",0
"GNAQ",0
"GNAS",0
"MED13L",0
"GNAZ",0
"GNAL",0
"KRT1",0
"KRT5",0
"KRT8",0
"VPS45",0
"NMNAT2",0
"NMNAT3",0
"NMNAT1",0
"ALOX12B",0
"RPS19",0
"RPL36A",0
"PPCDC",0
"EPB41L3",0
"RPS18",0
"ACSS2",0
"ACSS1",0
"VPS4A",0
"VPS4B",0
"SLC43A2",0
"SLC43A1",0
"MAGEH1",0
"WNT1",0
"WNT6",0
"WNT4",0
"PPP1R15A",0
"RIPK2",0
"BLMH",0
"PALB2",0
"INSR",0
"HIST2H2BF",0
"HIST2H2BE",0
"SPTBN5",0
"SPTBN4",0
"SPTBN2",0
"SPTBN1",0
"EBAG9",0
"GBE1",0
"PCNA",0
"SLC44A1",0
"SLC44A2",0
"SLC44A3",0
"SLC44A5",0
"MRPL38",0
"HDAC1",0
"RPA1",0
"RPA3",0
"RPA2",0
"NDUFS1",0
"NDUFS2",0
"NDUFS3",0
"NDUFS4",0
"NDUFS5",0
"NDUFS6",0
"NDUFS7",0
"C1S",0
"C1R",0
"ILF3",0
"ILF2",0
"HBD",0
"HBB",0
"CHMP2B",0
"MUC20",0
"CHMP2A",0
"ATP9B",0
"ATP9A",0
"TPX2",0
"PPT1",0
"INPP4B",0
"WHSC1L1",0
"SAFB",0
"PRF1",0
"MGMT",0
"H2AFV",0
"H2AFX",0
"H2AFY",1
"H2AFZ",0
"RNF8",0
"RNF6",0
"RNF7",0
"RNF4",0
"RNF2",0
"APP",0
"H2AFJ",0
"GSTA4",0
"CLTA",0
"CLTC",0
"CLTB",0
"ADRBK1",0
"ADRBK2",0
"NLRX1",0
"GLIPR1",0
"PCOLCE",0
"SRPRB",0
"ASB3",0
"BAIAP2",0
"ACTR3",0
"ACTR2",0
"NAP1L1",0
"CNR1",0
"CNR2",0
"POLDIP3",0
"GP1BA",0
"ALDH18A1",0
"ICOS",0
"TGS1",0
"IDUA",0
"SLC40A1",0
"GLB1",0
"TINF2",0
"NKX3-1",0
"GNRH1",0
"ADAM10",0
"ADAM12",0
"ADAM17",0
"HAGH",0
"WNT8B",0
"PYCARD",0
"DNMT3B",0
"MMP24",0
"DNMT3A",0
"DNMT3L",0
"NDEL1",0
"SNRPB",0
"SNRPC",0
"SNRPA",0
"SHANK3",0
"SNRPG",0
"SNRPE",0
"UCP2",0
"PRKAG2",0
"PCSK6",0
"UCP3",0
"PCSK5",0
"HIPK2",0
"CD180",0
"ESPL1",0
"NAPA",0
"RPSAP9",0
"COL15A1",0
"DDX41",0
"ZNF175",0
"DDX42",0
"DDX46",0
"PLTP",0
"EIF5A2",0
"ELAVL1",0
"CDKN1C",0
"CDKN1B",0
"CDKN1A",0
"UBE2D2",0
"UBE2D3",0
"UBE2D1",0
"APOE",0
"STX10",0
"STX18",0
"VPRBP",0
"SLC35B2",0
"SLC35B4",0
"FBXO32",0
"IGFBP6",0
"SAT1",0
"TK1",0
"PELP1",0
"MBOAT2",0
"MBOAT1",0
"MBOAT7",0
"MBOAT4",0
"SPSB2",0
"SPSB1",0
"BPGM",0
"CDC34",0
"CDC37",0
"ALAS1",0
"PTTG1",0
"S100A2",0
"BIRC2",0
"IRAK3",0
"PGLS",0
"IL23R",0
"COL10A1",0
"CYP27A1",0
"CCNA2",1
"WDR1",0
"VPS25",0
"DYNC1I1",0
"VPS28",0
"DYNC1I2",0
"SKA1",0
"SKA2",0
"PRKRA",0
"MEF2D",0
"PLEKHO2",0
"E2F7",0
"E2F6",0
"E2F5",0
"E2F4",0
"E2F3",0
"E2F2",0
"E2F1",0
"ZNFX1",0
"PPP1R13B",0
"PPP1R13L",0
"EEF2",0
"PYCR2",0
"PYCR1",0
"COX6A1",0
"WNT10B",0
"GNG10",0
"GNG11",0
"GATA1",0
"IFITM3",0
"IFITM2",0
"LIPC",0
"LIPE",0
"DFFA",0
"DFFB",0
"SEC24D",0
"REV3L",0
"SEC24C",0
"SEC24B",0
"MRPL43",0
"MRPL42",0
"MRPL41",0
"MRPL40",0
"MRPL47",0
"MRPL46",0
"MRPL45",0
"MRPL44",0
"TRIP6",0
"MRPL49",0
"MRPL48",0
"ARFGAP2",0
"ARFGAP1",0
"UNC93B1",0
"LAMB3",0
"CYSLTR2",0
"CYSLTR1",0
"COPZ1",0
"RUVBL2",1
"U2AF1",0
"U2AF2",0
"MPHOSPH6",0
"BMX",0
"KCNAB2",0
"G0S2",0
"DHPS",0
"SHB",0
"CCDC6",0
"COX7A2",0
"DYNC2H1",0
"MTHFD1",0
"RHOQ",0
"TBP",0
"MGP",0
"NSD1",0
"GPT2",0
"ADSS",0
"GMNN",0
"ADSL",0
"ACVR1C",0
"ZNF343",0
"ZNF434",0
"AZI1",0
"ZNF347",0
"ZNF430",0
"ZNF433",0
"ZNF432",0
"ZNF439",0
"RALGDS",0
"NUDT12",0
"DLL1",0
"DLL3",0
"ZW10",0
"NUDT19",0
"STX8",0
"IFI6",0
"STX3",0
"STX5",0
"STX4",0
"STX7",0
"STX6",0
"RPS3A",0
"FBP1",0
"GPR77",0
"STAB2",0
"NLGN3",0
"ARHGAP44",0
"ZNF205",0
"ICA1",0
"AURKA",0
"AURKB",0
"AURKC",0
"AP1B1",0
"TXLNG",0
"BMF",0
"TBKBP1",0
"ABI2",0
"SLC22A4",0
"SP100",0
"ACADVL",0
"RAB4A",0
"CHN2",0
"CHN1",0
"IL24",0
"IL26",0
"IL29",0
"CAV2",0
"AXL",0
"TIMP1",0
"IL12RB1",0
"IL12RB2",0
"ATP6AP1",0
"BRCA1",1
"BRCA2",0
"ACOT8",0
"ADCY4",0
"ADCY5",0
"ADCY6",0
"RBBP8",0
"ADCY3",0
"RBBP7",0
"ADCY9",0
"KIF23",0
"KIF22",0
"SLC22A1",0
"SKAP2",0
"C12orf5",0
"XRCC1",0
"XRCC3",0
"XRCC5",0
"XRCC4",0
"PITPNB",0
"SMURF1",0
"SMURF2",0
"MFN1",0
"NARS",0
"TFRC",0
"CTLA4",0
"HLA-DPA1",0
"RSL1D1",0
"PAPD7",0
"KIR3DL1",0
"KIR3DL2",0
"KIR3DL3",0
"LMNB2",0
"IL13RA1",0
"LMNB1",0
"MRPS28",0
"MRPS26",0
"CD274",0
"MRPS24",0
"MRPS22",0
"MRPS23",0
"MRPS21",0
"CTSL1",0
"PPP2R5D",0
"PPP2R5E",0
"PPP2R5A",0
"PPP2R5B",0
"PPP2R5C",0
"YY1",0
"FLAD1",0
"H2AFY2",0
"NAMPT",0
"ADCY10",0
"KCNA6",0
"KCNA5",0
"KCNA3",0
"MCCC2",0
"ACACA",0
"ACACB",0
"SIN3B",0
"APPL1",0
"PLA2G2D",0
"RHOD",0
"SLC35D2",0
"SLC35D1",0
"COX7B",0
"HIBCH",0
"SARS2",0
"CYFIP1",0
"HS3ST1",0
"CYFIP2",0
"C19orf29",0
"SIN3A",0
"LHPP",0
"NUP188",0
"SYNJ1",0
"PHOSPHO1",0
"SYNJ2",0
"BPNT1",0
"EIF4A1",0
"GLT25D2",0
"BCL9",0
"EIF4A2",0
"BCL2",1
"PLK3",0
"ZKSCAN1",0
"OAS1",0
"OAS3",0
"OAS2",0
"STK11IP",0
"MTM1",0
"OASL",0
"CSNK1G2",0
"CSNK1G3",0
"CSNK1G1",0
"SERPINB2",0
"SERPINB6",0
"SMO",0
"CX3CR1",0
"MAGED1",0
"POLE",0
"NFS1",0
"ATP8B1",0
"ATP8B4",0
"ROBO3",0
"CHRNE",0
"DES",0
"MANEA",0
"KLHDC3",0
"DDX5",0
"INADL",0
"HTR2B",0
"ZBTB33",0
"ZBTB32",0
"SPATA13",0
"SMC1B",0
"MDK",0
"PEX1",0
"FXC1",0
"PEX2",0
"PEX5",0
"PEX7",0
"PEX6",0
"ESAM",0
"ACE",0
"ACD",0
"NEB",0
"ATP5J",0
"ATP5I",0
"ATP5H",0
"ME1",0
"ME3",0
"ME2",0
"ATP5B",0
"GNAI2",0
"GNAI3",0
"ATP5E",0
"GNAI1",0
"ZNF213",0
"TBK1",0
"MPZL1",0
"AURKAIP1",0
"SLC7A9",0
"AFMID",0
"SLC7A6",0
"HLA-B",0
"CITED2",0
"PFDN1",0
"DAGLB",0
"PFDN5",0
"PFDN4",0
"PFDN6",0
"MTHFR",0
"SLC7A3",0
"POMC",0
"ACHE",1
"CSNK1A1L",0
"RIN1",0
"RIN2",0
"WWOX",0
"TOMM20",0
"RPS13",0
"RPS12",0
"RPS11",0
"RPS10",0
"RPS15",0
"RPS14",0
"PGS1",0
"RIPK1",0
"LATS2",0
"DDOST",0
"LAMA5",0
"SLC9A3R2",0
"SLC9A3R1",0
"ZNF419",0
"ZNF418",0
"ZNF417",0
"ZNF416",0
"ZNF415",0
"RRAGD",0
"RRAGA",0
"RRAGC",0
"RRAGB",0
"GGT1",0
"GGT7",0
"GGT5",0
"RASA1",0
"RASA2",0
"ACTN3",0
"ACTN1",0
"PTCH1",0
"NGFRAP1",0
"ACTN4",0
"CLP1",0
"EZR",0
"PTPRF",0
"PTPRE",0
"PTPRC",0
"PTPRB",0
"PTPRA",0
"UBE3C",0
"PTPRO",0
"PTPRN",0
"PTPRM",0
"PTPRK",0
"PTPRJ",0
"CPD",0
"MMP17",0
"CYP46A1",0
"RTN4R",0
"TFE3",0
"RNASEH1",0
"ABLIM1",0
"ABLIM3",0
"ABLIM2",0
"HMGN1",0
"ATP6V1E1",0
"MX2",0
"RAB6A",0
"MX1",0
"B3GAT3",0
"ACVRL1",0
"TAF1L",0
"IFIT3",0
"IFIT2",0
"IFIT1",0
"EFTUD2",0
"ISG15",0
"ZFP28",0
"CACNA1I",0
"GDI2",0
"GDI1",0
"CBY1",0
"PSAP",0
"APITD1",0
"GABRD",0
"IL15RA",0
"EIF4A3",0
"KRT18",0
"SLC26A6",0
"TLE3",0
"PAG1",0
"TLE1",0
"TLE4",0
"SPTA1",0
"HGSNAT",0
"CDC6",0
"TNFSF13B",0
"COX5B",0
"TFPI",0
"NAT1",0
"GLO1",0
"FAIM2",0
"CCBL1",0
"CCBL2",0
"KCNC4",0
"SDC3",0
"COX5A",0
"KCNC3",0
"TH1L",0
"NGFR",0
"CPSF7",0
"CPSF6",0
"CPSF3",0
"CPSF2",0
"CPSF1",0
"MAD1L1",0
"ACAA2",0
"ACAA1",0
"ELOVL5",0
"ARIH2",0
"LTBP1",0
"EPS15",0
"CEP164",0
"SUFU",0
"PLA2G4C",0
"PLA2G4B",0
"PLA2G4A",0
"CRAT",0
"MBD4",0
"MBD3",0
"MBD2",0
"CMTM2",0
"LOC653566",0
"COL11A2",0
"SLC25A17",0
"SLC25A16",0
"KIAA1429",0
"SLC25A13",0
"SLC25A12",0
"SLC25A11",0
"TUBA3D",0
"NDUFA10",0
"NDUFA11",0
"NDUFA12",0
"NDUFA13",0
"RYBP",0
"SYNCRIP",0
"DYNLRB1",0
"HSD17B4",0
"VIM",0
"GNG7",0
"GNG5",0
"DBF4",0
"GNG3",0
"HSD17B7",0
"ALG8",0
"ALG9",0
"STAR",0
"FUS",0
"ALG2",0
"ALG3",0
"ALG1",0
"ALG6",0
"ALG5",0
"SMARCE1",0
"COX6B1",0
"COX6B2",0
"STAM",0
"FUK",0
"SLC17A5",0
"ARIH1",0
"CCNE2",0
"CCNE1",0
"INSL3",0
"RAB11A",0
"CLDN9",0
"FIG4",0
"RAB11B",0
"TBC1D8B",0
"CLDN5",0
"CLDN7",0
"TP63",0
"TRDMT1",0
"SMYD2",0
"IRF3",0
"IRF2",0
"IRF1",0
"IRF7",0
"IRF6",0
"IRF5",0
"IRF4",0
"IRF9",0
"IRF8",0
"APC2",0
"TECR",0
"MRPL21",0
"PANX2",0
"FECH",0
"ZBTB17",0
"ZBTB16",0
"ADAP1",0
"ACVR2A",0
"KLHL13",0
"MTOR",0
"UNG",0
"SNRNP70",0
"OMG",0
"ITK",0
"NRF1",0
"NAGPA",0
"LCAT",0
"HIP1",0
"ARAP3",0
"SETMAR",0
"ARAP1",0
"BID",0
"KLKB1",0
"CYBB",0
"PPM1D",0
"SLK",0
"HMHA1",0
"CTNS",0
"SLA",0
"PHYH",0
"NOTCH4",0
"NOTCH1",0
"NOTCH2",0
"NOTCH3",0
"ZNF658",0
"EGR3",0
"ZNF655",0
"HSF1",0
"HSF2",0
"PRPF4B",0
"RAPGEF1",0
"RAPGEF2",0
"RAPGEF3",0
"ZNF382",0
"ZNF354C",0
"ZNF354B",0
"PARK7",0
"RORC",0
"RORA",0
"PARK2",0
"ZNF471",0
"ZNF473",0
"DMTF1",0
"GUSB",0
"MDM2",0
"MDM4",0
"SNRPD3",0
"SNRPD2",0
"SNRPD1",0
"WWTR1",0
"KPNA5",0
"KPNA3",0
"KPNA2",0
"EDAR",0
"FRS3",0
"FRS2",0
"TNFRSF17",0
"TNFRSF14",0
"CRK",0
"SLC25A15",0
"TNFRSF18",0
"TNFRSF19",0
"PC",0
"CASP9",0
"B4GALT1",0
"SLC25A10",0
"B4GALT5",0
"B4GALT4",0
"B4GALT7",0
"B4GALT6",0
"SGOL1",0
"TRRAP",0
"CR2",0
"CR1",0
"TNFRSF1B",0
"LGMN",0
"TNFRSF1A",0
"ZNF583",0
"SULT2B1",0
"GPD1L",0
"TMLHE",0
"POLR2J2",0
"POLR2J3",0
"DOHH",0
"GCFC1",0
"EGLN1",0
"ARNTL2",0
"EHMT1",0
"EHMT2",0
"ADIPOR2",0
"ADIPOR1",0
"HPRT1",0
"PTPN6",0
"MARK4",0
"FOSL1",0
"MARK2",0
"FOSL2",0
"CD63",0
"CCDC12",0
"CD68",0
"TPD52L1",0
"SHCBP1",0
"HRK",1
"SRP68",0
"PPP2R1A",0
"PPP2R1B",0
"TIMM9",0
"USP9X",0
"WASL",0
"WNT2B",0
"IDH3A",0
"HSPB1",0
"PKN1",0
"PKN2",0
"RHOBTB2",0
"RHOBTB1",0
"CCR5",0
"PLOD3",0
"ERBB2IP",0
"LIG4",0
"CSNK1D",0
"CSNK1E",0
"LIG1",0
"LIG3",0
"IREB2",0
"FNTA",0
"EPB41L2",0
"CSPG4",0
"ZKSCAN3",0
"ZKSCAN5",0
"ZKSCAN4",0
"DCP1B",0
"DCP1A",0
"GPBAR1",0
"TUBA1C",0
"TUBA1B",0
"TUBA1A",0
"CHMP5",0
"GNG2",0
"TAF6",0
"TAF5",0
"TAF4",0
"TAF2",0
"TAF1",0
"G6PD",0
"TAF9",0
"HMOX2",0
"GNG8",0
"AGPS",0
"FOSB",0
"CCNG1",0
"CCNG2",0
"PDXK",0
"CLTCL1",0
"AP2M1",0
"SOS1",0
"PDCD4",0
"PDCD1",0
"PRUNE",0
"MINA",0
"ARFGEF2",0
"SMU1",0
"ZNF100",0
"SREBF2",0
"SLC29A4",0
"OXCT1",0
"KARS",0
"SRC",0
"SSRP1",0
"IL12A",0
"CIT",0
"SRF",0
"PDE2A",0
"RNGTT",0
"TAF6L",0
"TATDN2",0
"RPIA",0
"EIF2C4",0
"MTA1",0
"MTA2",0
"PRPS1L1",0
"EIF2C1",0
"GAPDHS",0
"GPC1",0
"GPC2",0
"GPC3",0
"GPC4",0
"HEPH",0
"MTAP",0
"SEC22B",0
"ELANE",0
"AGL",0
"AGA",0
"CS",0
"PDCD10",0
"C13orf15",0
"PIK3CA",0
"PIK3CB",0
"PIK3CD",0
"PIK3CG",0
"SFRP2",0
"POLR3GL",0
"PIK3C3",0
"MAX",0
"PARP14",0
"MAG",0
"MAF",0
"ACLY",0
"MAK",0
"ALDH3A2",0
"MGST2",0
"MGST3",0
"MGST1",0
"EDC4",0
"SEMA4C",0
"CSDE1",0
"PAM16",0
"GMDS",0
"WSB1",0
"SEMA4G",0
"MPV17",0
"ANAPC1",0
"ANAPC2",0
"ANAPC5",0
"ANAPC4",0
"ANAPC7",0
"RPS6KA1",0
"RPS6KA2",0
"SNRPB2",0
"RPS6KA4",0
"RPS6KA5",0
"SH3D19",0
"PSMD14",0
"PSMD11",0
"PSMD10",0
"PSMD13",0
"PSMD12",0
"FTCD",0
"MINPP1",0
"GANAB",0
"VAPB",0
"VAPA",0
"CTH",0
"EXOSC10",0
"ARF3",0
"ARF1",0
"ARF6",0
"ARF5",0
"ARF4",0
"MYLK3",0
"RAB11FIP3",0
"RAB11FIP2",0
"RAB11FIP1",0
"RAB11FIP5",0
"RAB11FIP4",0
"SPP1",0
"MYL6B",0
"IFIH1",0
"HMGB2",0
"HMGB1",0
"AASS",0
"KIF4B",0
"KIF4A",0
"CLIP1",0
"ETNK2",0
"ETNK1",0
"CD48",0
"MND1",0
"CD44",0
"CD47",0
"CD40",0
"FPGT",0
"FPGS",0
"TPSAB1",0
"EIF4E3",0
"EIF4E2",0
"TBL1X",0
"CALU",0
"FAR1",0
"ACTR1B",0
"ACTR1A",0
"FAR2",0
"CHPF",0
"WDR77",0
"MCF2",0
"PPP2R3A",0
"CDO1",0
"NQO1",0
"PRPF8",0
"PRPF3",0
"PRPF4",0
"PRPF6",0
"PCF11",0
"GPER",0
"PIP4K2A",0
"PIP4K2C",0
"PIP4K2B",0
"RFFL",0
"LEFTY1",0
"ZFHX3",0
"DYNC2LI1",0
"KIF15",0
"CSAD",0
"CDON",0
"ELK1",0
"BCL2A1",0
"ELK4",0
"PAK4",0
"PAK6",0
"STRADA",0
"STRADB",0
"NSDHL",0
"KCNG1",0
"KCNG2",0
"PANX1",0
"CYP2D6",0
"RPRM",0
"PIGG",0
"PRKG2",0
"TNS1",0
"PMEPA1",0
"GLYCTK",0
"CALML6",0
"TRIM9",0
"PFN1",0
"PFN2",0
"PFN4",0
"CREM",0
"COX10",0
"ILKAP",0
"GAS2",0
"COX15",0
"COX17",0
"PDGFRB",0
"PDGFRA",1
"RGS19",0
"PIGV",0
"PPA2",0
"PPA1",0
"BET1",0
"NUP62",0
"ALCAM",0
"TPM4",0
"TPM3",0
"TPM2",0
"TPM1",0
"ETF1",0
"SIPA1",0
"FBXW2",0
"FBXW4",0
"FBXW5",0
"FBXW7",0
"ETFA",0
"TGFBR2",0
"TGFBR1",0
"ETFB",0
"SMNDC1",0
"TPMT",0
"SSX2IP",0
"YKT6",0
"TJP2",0
"TJP3",0
"PPAT",0
"DAK",0
"CHPF2",0
"ACVR2B",0
"AGRP",0
"NFYC",0
"NFYB",0
"NFYA",0
"SMARCA2",0
"SMARCA4",0
"TST",0
"FYB",0
"FYN",0
"CES1P1",0
"CCT6A",0
"RUFY1",0
"FCGR2B",0
"FCGR2C",0
"FCGR2A",0
"CYP11A1",0
"SKIL",0
"CYTH1",0
"CYTH3",0
"CYTH2",0
"MYH7B",0
"CANT1",0
"CKB",0
"CKM",0
"PTGS1",0
"PLK1S1",0
"GPAM",0
"DCK",0
"ACSM1",0
"THRA",0
"TAF4B",0
"PERP",0
"CUL5",0
"CUL7",0
"CUL1",0
"CUL2",0
"CUL3",1
"TRIM28",0
"TRIM24",0
"TRIM25",0
"CREB5",0
"CDH24",0
"TRIM21",0
"CREB1",1
"PER2",0
"PER1",0
"GNPAT",0
"GDF15",0
"FCER2",0
"KAT5",1
"ARCN1",0
"ZNF517",0
"F2R",0
"AES",0
"ZNF221",0
"GNAO1",0
"GAPDH",0
"NTSR1",0
"ARHGAP9",0
"ARHGAP4",0
"ARHGAP5",0
"ARHGAP6",0
"ICOSLG",0
"ARHGAP1",0
"AEN",0
"HMOX1",0
"PRLR",0
"KIF9",0
"ZYX",0
"MRPL4",0
"MRPL2",0
"MRPL3",0
"MRPL1",0
"MRPL9",0
"ZNF611",0
"ZNF610",0
"ZNF613",0
"ZNF615",0
"ZNF614",0
"ZNF616",0
"SLC3A2",0
"SLC3A1",0
"EIF4EBP1",0
"BAG1",0
"BAG4",0
"SH2D1B",0
"CTDP1",0
"CD79B",0
"ZNF385A",0
"PDHA2",0
"PDHA1",0
"COL4A3BP",0
"SAP18",0
"EVI5",0
"RAP1GAP2",0
"TCAP",0
"MRPS17",0
"MYL12B",0
"MYL12A",0
"TSTA3",0
"MRPS14",0
"IDO2",0
"IDO1",0
"LDHAL6A",0
"DDIT3",1
"HIST4H4",0
"CALCOCO1",0
"MAPKAP1",0
"RGS6",0
"MALT1",0
"RGS1",0
"RGS2",0
"RGS3",0
"RGS9",0
"IL1RAP",0
"ARAP2",0
"RDH11",0
"DEDD2",0
"DOLK",0
"MYH11",0
"TARSL2",0
"CDK2AP1",0
"CANX",0
"HSP90AB1",0
"VIPR2",0
"MLYCD",0
"CD28",0
"MRPS9",0
"MRPS7",0
"CD22",0
"MRPS5",0
"IFI35",0
"TDRD7",0
"MRPS2",0
"IFI30",0
"CD24",0
"PA2G4",0
"ABHD5",0
"MBTPS2",0
"MBTPS1",0
"EIF4G3",0
"EIF4G2",0
"EIF4G1",0
"NR1I3",0
"NR1I2",0
"GRB2",0
"AKAP13",0
"CD151",0
"HCST",0
"COL27A1",0
"OXER1",0
"LSM1",0
"POLR2E",0
"POLR2D",0
"POLR2G",0
"POLR2F",0
"POLR2A",0
"POLR2C",0
"POLR2B",0
"POLR2L",0
"LSM3",0
"POLR2I",0
"POLR2H",0
"POLR2K",0
"POLR2J",0
"PRODH",0
"CYBA",0
"BATF3",0
"CCNK",0
"DSCAML1",0
"GAMT",0
"VBP1",0
"MAPK14",1
"MAPK11",1
"MAPK12",0
"MAPK13",0
"FZD1",0
"FZD2",0
"FZD3",0
"FZD4",0
"FZD5",0
"FZD6",0
"FZD7",0
"CACNB3",0
"HUS1",0
"CACNB1",0
"DHCR24",0
"ASH1L",0
"PLCD4",0
"PLCD3",0
"PLCD1",0
"HIST1H1D",0
"HIST1H1E",0
"TGFBRAP1",0
"HIST1H1C",0
"TACC1",0
"TACC3",0
"JDP2",1
"PICK1",0
"LPPR3",0
"KIF20A",0
"RPS3",0
"AZIN1",0
"CAB39",0
"D4S234E",0
"RPL3L",0
"GNAT2",0
"BCL2L14",0
"BCL2L11",0
"NUP43",0
"ZNF557",0
"ZNF555",0
"ZNF552",0
"NCKAP1",0
"ZNF551",0
"ZNF558",0
"HSD11B1",0
"ISYNA1",0
"GTF2H3",0
"GTF2H2",0
"GTF2H1",0
"GTF2H5",0
"GTF2H4",0
"ALDH1B1",0
"COX7A2L",0
"RPL26L1",0
"RPL38",0
"RPL39",0
"RPL36",0
"TAB2",0
"RPL34",0
"RPL35",0
"RPL32",0
"RPL30",0
"RPL31",0
"CACNG6",0
"ATF4",0
"ATF7",0
"ATF6",0
"ZNF286A",0
"PPCS",0
"ATF2",1
"SMARCC2",0
"SMARCC1",0
"PPAP2C",0
"PPAP2A",0
"BUB1B",0
"SUMO1",0
"SUMO2",0
"PPWD1",0
"LEF1",0
"EEF2K",0
"BLOC1S3",0
"BLOC1S1",0
"PTGER4",0
"MIB1",0
"PTGER2",0
"PTGER3",0
"SLC38A5",0
"B3GALT6",0
"SLC38A1",0
"SLC38A2",0
"MDFIC",0
"STK3",0
"STK4",0
"CSF3R",0
"CXCL10",0
"CYP3A5",0
"CXCL16",0
"UBE4B",0
"UBE4A",0
"HCN3",0
"HCN2",0
"SNRNP27",0
"RAB27A",0
"YBX1",0
"RLN2",0
"JAM2",0
"PTGDR",0
"PTGDS",0
"STIP1",0
"MRPL18",0
"LTB4R",0
"TNFRSF8",0
"TNFRSF9",0
"CDC25B",0
"TNFRSF4",0
"GUCY2C",0
"GUCY2D",0
"SENP2",0
"SENP1",0
"SAMM50",0
"ARPC5",0
"GFPT1",0
"GFPT2",0
"DYNC1LI1",0
"ACP1",0
"SDCCAG8",0
"SNIP1",0
"GLA",0
"SLC2A13",0
"SLC2A12",0
"SLC2A11",0
"GLS",0
"CDIPT",0
"NCOA2",0
"NCOA3",0
"NCOA1",0
"NCOA6",0
"NCOA7",0
"NCOA4",0
"SPCS3",0
"CISH",0
"LCOR",0
"BSG",0
"MPG",0
"KDSR",0
"SLC27A5",0
"SLC27A4",0
"SORT1",0
"SLC27A2",0
"ERO1L",0
"AK3",0
"AK2",0
"TBCE",0
"TBCD",0
"TBCB",0
"TBCA",0
"AK4",0
"OXTR",0
"MME",0
"SARS",0
"MPL",0
"NCKAP1L",0
"ZNF496",0
"ZNF493",0
"EPS8",0
"ZNF490",0
"ZNF498",0
"HERPUD1",0
"NDNL2",0
"TRA2A",0
"TRA2B",0
"SLC24A6",0
"SLC24A4",0
"SNCA",0
"NCR3",0
"NCR1",0
"SLC24A1",0
"SEC11C",0
"ENDOD1",0
"BTRC",0
"SCN1B",0
"SFTPD",0
"KDM1A",0
"IDI1",0
"IDI2",0
"IPMK",0
"LAMB1",0
"CXCR2",0
"POTEM",0
"PPM1L",0
"MTMR7",0
"MTMR4",0
"MTMR3",0
"MTMR2",0
"MTMR1",0
"JAG1",0
"UBA52",0
"NUMBL",0
"CD2BP2",0
"EXOSC8",0
"EXOSC9",0
"EXOSC2",0
"EXOSC3",0
"EXOSC1",0
"EXOSC7",0
"EXOSC4",0
"EXOSC5",0
"NID1",0
"KPNA4",0
"INCENP",0
"FARP2",0
"KPNA1",0
"FARP1",0
"SNAP47",0
"DEPDC7",0
"EEF1E1",0
"PSMB11",0
"PSMB10",0
"PAOX",0
"SCYL2",0
"STXBP1",0
"STXBP3",0
"STXBP4",0
"SKP2",0
"SKP1",0
"S1PR3",0
"NOC2L",0
"S1PR5",0
"S1PR4",0
"FANCG",0
"FANCF",0
"FANCE",0
"FANCC",0
"FANCB",0
"FANCA",0
"FANCM",0
"FANCL",0
"HAS1",0
"HAS3",0
"HNRNPA3",0
"HNRNPA0",0
"HNRNPA1",0
"ARSG",0
"EXOC6",0
"IRS1",0
"IRS2",0
"HOXA7",0
"CDK1",0
"CDK2",0
"CDK4",1
"CDK5",0
"CDK6",0
"CDK7",0
"IGLL1",0
"LPAR3",0
"LPAR1",0
"LPAR6",0
"NEURL",0
"CEPT1",0
"LIMS2",0
"LIMS1",0
"ARSK",0
"ZNF383",0
"SUN2",0
"HSPD1",0
"MTX2",0
"MTX1",0
"PNMT",0
"PRKCI",0
"PRKCH",0
"PRKCA",1
"ATP10A",0
"PRKCB",0
"PRKCE",0
"PRKCD",0
"PRKCG",0
"HIST1H3B",0
"HIST1H3D",0
"HIST1H3E",0
"PRKCQ",0
"HIST1H3H",0
"SEC11A",0
"MATK",0
"PMF1",0
"TYMS",0
"TYMP",0
"WWP2",0
"WWP1",0
"PPIL1",0
"TPI1",0
"PPIL3",0
"CCDC99",0
"CYP4F12",0
"ZNF570",0
"ZNF571",0
"ZNF577",0
"TRPV6",0
"TRPV1",0
"SETDB1",0
"PRTN3",0
"CTSH",0
"CTSK",0
"CTSO",0
"CTSA",0
"CTSB",0
"CTSC",0
"CTSD",0
"CTSE",0
"CTSF",0
"CTSG",0
"RPL14",0
"RPL15",0
"CTSZ",0
"RPL17",0
"RPL10",0
"RPL11",0
"RPL12",0
"RPL13",0
"FGFR4",0
"RPL18",0
"RPL19",0
"GPATCH1",0
"CXCL1",0
"CXCL3",0
"CXCL2",0
"CXCL5",0
"CXCL6",0
"SYK",0
"NINL",0
"PGK1",0
"TNNC1",0
"EMD",0
"AP2S1",0
"DCTD",0
"CARD9",0
"CARD8",0
"CARD6",0
"PRKACB",0
"PHKA2",0
"UBA6",0
"PDP1",0
"PDP2",0
"UBA5",0
"UBA2",0
"UBA3",0
"UBA1",0
"PWP1",0
"UBE2I",0
"UBE2H",0
"UBE2K",0
"ABCA13",0
"UBE2M",0
"TAGAP",0
"UBE2N",0
"UBE2A",0
"UBE2C",0
"UBE2B",0
"GAB1",0
"UBE2F",0
"UBE2Z",0
"PSMB1",0
"UBE2S",0
"TOP3A",0
"UBE2T",0
"UBE2W",0
"PTGFR",0
"ILK",0
"PDE3B",0
"RABEP1",0
"LFNG",0
"NDUFA6",0
"NDUFA7",0
"NDUFA4",0
"NDUFA5",0
"NDUFA2",0
"NDUFA3",0
"NDUFA1",0
"NDUFA8",0
"NDUFA9",0
"GPR65",0
"FLT3LG",0
"PNOC",0
"GPR68",0
"TBL1XR1",0
"IL6",1
"IL7",0
"IL4",0
"IL8",1
"DTX4",0
"GNS",0
"SAT2",0
"DTX1",0
"DTX2",0
"DTX3",0
"BIRC6",0
"BIRC5",0
"BIRC3",0
"EIF5",0
"GNE",0
"TXNL4A",0
"RB1CC1",0
"NSF",0
"NT5C3",0
"NT5C2",0
"HAGHL",0
"CENPA",0
"HPGDS",0
"SDS",0
"AHCY",0
"TERF2IP",0
"TRAT1",0
"TIMP2",0
"PARS2",0
"NRCAM",0
"PARN",0
"CRY1",0
"EPO",0
"PI4K2B",0
"CRY2",0
"PI4K2A",0
"HIBADH",0
"NHLRC1",0
"LYZ",0
"LYN",0
"VAMP2",0
"SEMA7A",0
"IP6K2",0
"CWC15",0
"BRSK2",0
"BRSK1",0
"TLR2",0
"TLR3",0
"DDX6",0
"TLR1",0
"TLR6",0
"TLR4",0
"TLR5",0
"TLR8",0
"TLR9",0
"NUP205",0
"ZNF215",0
"ZNF211",0
"SLC7A8",0
"ZNF212",0
"HLA-C",0
"SLC7A7",0
"HLA-A",0
"NFKBIA",0
"HLA-F",0
"HLA-E",0
"SLC7A1",0
"HAUS2",0
"SLC5A11",0
"NR5A1",0
"MYD88",0
"PLEKHA1",0
"NACA",0
"TFEC",0
"HIST1H2BD",0
"HIST1H2BE",0
"HIST1H2BF",0
"HIST1H2BG",0
"HIST1H2BC",0
"HIST1H2BN",0
"HIST1H2BO",0
"HIST1H2BH",0
"HIST1H2BJ",0
"HIST1H2BK",0
"VAV1",0
"VAV3",0
"VAV2",0
"TNFAIP3",0
"IPO5",0
"NRBP1",0
"DTX3L",0
"SDCBP",0
"NR6A1",0
"MARS2",0
"SYVN1",0
"MGAT5B",0
"ICAM3",0
"PAQR5",0
"PAQR7",0
"FERMT2",0
"TOMM70A",0
"FADS1",0
"FADS2",0
"CRNKL1",0
"CTDSP1",0
"DPM1",0
"DGUOK",0
"CSE1L",0
"CTDSPL",0
"PRPH2",0
"PLOD2",0
"CMPK1",0
"CMPK2",0
"PLOD1",0
"CRADD",0
"DNASE2",0
"GNA15",0
"USP6NL",0
"RAD21",0
"ALDH6A1",0
"USP11",0
"SSBP1",0
"USP18",0
"BCL10",0
"INPP1",0
"GFI1",0
"ADAR",0
"CRKL",0
"POGLUT1",0
"TYK2",0
"SUPT5H",0
"ARHGEF10",0
"ARHGEF11",0
"ARHGEF12",0
"ARHGEF17",0
"ARHGEF18",0
"ARHGEF19",0
"PIK3C2B",0
"PIK3C2A",0
"COL23A1",0
"D2HGDH",0
"CEP76",0
"CEP70",0
"CEP72",0
"KLC1",0
"KLC2",0
"KLC3",0
"KLC4",0
"ZNF773",0
"FBXW11",0
"GPLD1",0
"OR2W3",0
"RPL7A",0
"TANK",0
"CHCHD4",0
"MST4",0
"RFK",0
"MST1",0
"ZNF519",0
"ZNF510",0
"ZNF514",0
"DLG1",0
"TSPYL2",0
"DLG3",0
"SLC39A8",0
"SLC39A1",0
"SLC39A3",0
"SLC39A4",0
"SLC39A5",0
"SLC39A6",0
"SLC39A7",0
"PSIP1",0
"GZMA",0
"GZMB",0
"ZNF26",0
"VWF",0
"MYH10",0
"MAP4K1",0
"CDH13",0
"RET",0
"PEX19",0
"REL",0
"PIK3AP1",0
"SLCO4A1",0
"MTFMT",0
"KIAA1598",0
"NAA38",0
"NTN1",0
"NTN4",0
"RBM5",0
"RPL23A",0
"CAT",0
"AP1S1",0
"AP1S2",0
"AP1S3",0
"CAD",0
"PGF",0
"PGD",0
"PDE1B",0
"NUDC",0
"DEFA4",0
"ASIP",0
"NDUFC1",0
"NDUFC2",0
"BMI1",0
"SEPSECS",0
"GPR44",0
"NRP1",0
"NRP2",0
"ARSA",0
"ARSB",0
"HEXA",0
"CA1",0
"HEXB",0
"RBMX",0
"NEFL",0
"FUT8",0
"ATP5J2",0
"DYNLT1",0
"STRAP",0
"CBFB",1
"PLXND1",0
"SCD5",0
"PEX11A",0
"PEX11B",0
"PEX11G",0
"DBNL",0
"PAFAH1B1",0
"KIFC3",0
"KIFC1",0
"GH1",0
"SFN",0
"CYLD",0
"ACTB",0
"STARD13",0
"PROS1",0
"ARHGEF10L",0
"PLA2G12A",0
"ADAL",0
"SF3A1",0
"SF3A2",0
"SF3A3",0
"ZNF184",0
"ZNF180",0
"ZNF189",0
"ZNF25",0
"ZNF20",0
"ZNF23",0
"ZNF28",0
"EPOR",0
"SEMA5A",0
"BCS1L",0
"HS6ST1",0
"STARD5",0
"SCN5A",0
"ZNF235",0
"ZNF234",0
"TCERG1",0
"ZNF230",0
"MRE11A",0
"RANBP9",0
"NAE1",0
"RANBP1",0
"RANBP2",0
"AGAP1",0
"AGAP2",0
"GXYLT1",0
"TSPO",0
"ARNT",0
"SLC23A1",0
"SLC23A2",0
"TGFB1",0
"TGFB3",0
"F13A1",0
"UIMC1",0
"YWHAZ",0
"NOP58",0
"NOP56",0
"ETS2",0
"YWHAH",0
"ETS1",0
"YWHAB",0
"AQP10",0
"YWHAG",0
"YWHAE",0
"SSNA1",0
"CHRM5",0
"MGAT1",0
"MGAT2",0
"MGAT3",0
"MGAT5",0
"GLRX",0
"PDCD1LG2",0
"CHST11",0
"VAMP3",0
"CHST12",0
"VAMP5",0
"CHST14",0
"GCDH",0
"VAMP8",0
"ROCK1",0
"ROCK2",0
"MMP8",0
"MMP9",0
"TGFBI",0
"MMP1",0
"SATB1",0
"GNPTAB",0
"AMICA1",0
"AGER",0
"CCNT1",0
"PLDN",0
"CCNT2",0
"PECAM1",0
"LTC4S",0
"CBFA2T3",0
"H3F3B",0
"MC1R",0
"TNIP2",0
"USP39",0
"RFNG",0
"SHMT1",0
"PLD4",0
"PLD6",0
"ZAK",0
"PLD2",0
"PLD3",0
"RUNX2",0
"RUNX3",0
"RUNX1",0
"TPK1",0
"DOCK8",0
"DOCK9",0
"DOCK3",0
"DOCK6",0
"DOCK7",0
"DOCK4",0
"DOCK5",0
"TNFRSF12A",0
"SLC9A5",0
"SLC9A6",0
"SLC9A7",0
"SLC9A1",0
"SLC9A3",0
"JUN",1
"SLC9A9",0
"JUP",0
"SCNN1A",0
"PLCB1",0
"PLCB2",0
"PLCB3",0
"SEC13",0
"REV1",0
"ESR2",0
"ESR1",1
"EARS2",0
"FBXO2",0
"FBXO3",0
"FBXO4",0
"FBXO5",0
"FBXO6",0
"A2M",0
"ZNF530",0
"MYEF2",0
"SLC5A2",0
"RUSC1",0
"PPIE",0
"PPID",0
"PPIB",0
"PPIA",0
"PIN1",0
"DCPS",0
"WASF1",0
"WASF2",0
"WASF3",0
"FAS",0
"FAU",0
"FAH",0
"HNRNPA2B1",0
"DCP2",0
"AMY2B",0
"MYCT1",0
"AP4E1",0
"SNRNP40",0
"HECTD3",0
"YWHAQ",0
"MAN2B1",0
"CCS",0
"OAT",0
"PDE7B",0
"NUF2",0
"PI3",0
"KCNMB1",0
"NFAT5",0
"KCNMB3",0
"KCNMB4",0
"GSK3A",0
"GSK3B",0
"UBB",0
"UBC",0
"AKR1A1",0
"PLXNB2",0
"AMH",0
"PLXNB1",0
"AMN",0
"PCBP4",0
"PCBP2",0
"CYP21A2",0
"RNF220",0
"LZTS1",0
"SIRT3",0
"SIRT2",0
"SIRT1",0
"SIRT7",0
"SIRT6",0
"SIRT5",0
"SIRT4",0
"MED30",0
"MED31",0
"MOGS",0
"CASC3",0
"RBM25",0
"RBM22",0
"HIST3H2A",0
"RFWD2",0
"EPHA4",0
"EPHA2",0
"EPHA1",0
"FGF13",0
"FGF11",0
"FGF17",0
"VAMP1",0
"COL9A2",0
"COL9A3",0
"SLC20A1",0
"CHST15",0
"MNAT1",0
"VAMP4",0
"SEMA3A",0
"SEMA3C",0
"SEMA3B",0
"SEMA3G",0
"ARHGAP11A",0
"ZNF250",0
"SLC25A32",0
"ZNF254",0
"ZNF256",0
"MTERF",0
"RRM2",0
"RRM1",0
"TRADD",0
"ABCA10",0
"TF",0
"TG",0
"PAK1",0
"KCNJ11",0
"KCNJ10",0
"TFAM",0
"NAGS",0
"KCNJ15",0
"KCNJ14",0
"AR",0
"NAGA",0
"PAK2",0
"CREB3L2",0
"CREB3L3",0
"CREB3L4",0
"PGAP1",0
"C17orf70",0
"SRSF11",0
"MFAP1",0
"NDUFAB1",0
"NDUFB9",0
"HEBP1",0
"OFD1",0
"VAC14",0
"NDUFB5",0
"NDUFB4",0
"APRT",0
"GYPA",0
"L2HGDH",0
"SNAP23",0
"IL2RG",0
"SNAP29",0
"GTF2H2B",0
"LACTB",0
"TNFSF13",0
"TNFSF12",0
"TNFSF11",0
"TNFSF10",0
"LMO4",0
"PUM1",0
"SFXN3",0
"RAD1",0
"GEMIN5",0
"CCT8",0
"CCT2",0
"CCT3",0
"CCT7",0
"CCT4",0
"CCT5",0
"TIMM13",0
"TIMM10",0
"TUBGCP6",0
"CYP2J2",0
"CROT",0
"SLC4A5",0
"SLC4A4",0
"XIAP",0
"SLC4A1",0
"SLC4A3",0
"SLC4A2",0
"DCTN3",0
"DCTN1",0
"DCTN6",0
"SLC4A8",0
"DCTN4",0
"DCTN5",0
"RPS4Y2",0
"RPS4Y1",0
"CIITA",0
"KNTC1",0
"CHMP4A",0
"TAF7",0
"RNF25",0
"UBE2V1",0
"UBE2V2",0
"C1GALT1C1",0
"SSTR3",0
"MARS",0
"LDLRAP1",0
"IGSF8",0
"KLRD1",0
"TOM1",0
"CTNNB1",0
"MYOF",0
"GPX1",0
"CNOT8",0
"CNOT3",0
"CNOT2",0
"CNOT1",0
"CNOT7",0
"CNOT6",0
"RNMT",0
"ITGB1",0
"NOS2",1
"ITGB2",0
"ITGB5",0
"ITGB4",0
"ITGB7",0
"ITGB8",0
"YARS2",0
"LCP2",0
"NR2C2",0
"PMPCA",0
"MYO6",0
"NR2C1",0
"AICDA",0
"GNPDA2",0
"ZFPM1",0
"MAN1B1",0
"EGF",0
"LBR",0
"RAN",0
"ZFP112",0
"FGR",0
"SLC12A4",0
"SLC12A7",0
"SLC12A6",0
"SLC12A1",0
"SLC12A2",0
"MRVI1",0
"EXT2",0
"EXT1",0
"ACIN1",0
"ATP1B3",0
"LY96",0
"TESK1",0
"PLD1",0
"ALDH5A1",0
"OSBP",0
"SNX2",0
"SNX1",0
"SNX5",0
"SNX9",0
"SLC11A2",0
"SLC11A1",0
"KHSRP",0
"TIMELESS",0
"ZIK1",0
"ITPKA",0
"ITPKB",0
"PHKG2",0
"PDE5A",0
"ITPK1",0
"ORAI1",0
"DLAT",0
"TUBB2A",0
"RNASEH2A",0
"RNASEH2C",0
"RNASEH2B",0
"MAOB",0
"MAOA",0
"NEIL1",0
"NEIL3",0
"NEIL2",0
"MUT",0
"CHAD",0
"HNRNPU",0
"FABP6",0
"MMP25",0
"FABP5",0
"FABP3",0
"MXD4",0
"AKR1C1",0
"SPDYA",0
"P2RY6",0
"SPDYC",0
"CENPC1",0
"C1QBP",0
"DOCK2",0
"FASN",0
"ADORA3",0
"ASL",0
"ATP6V0B",0
"ATP6V0C",0
"DOCK1",0
"KIF26A",0
"COL5A2",0
"COL5A3",0
"COL5A1",0
"LAMP3",0
"LAMP2",0
"LAMP1",0
"EP300",1
"DUT",0
"GPX2",0
"ALDH2",0
"NPFF",0
"NEU1",0
"ATP5F1",0
"UQCR10",0
"UQCR11",0
"OPRL1",0
"ASAH1",0
"PRR5",0
"DVL2",0
"MED11",0
"MED12",0
"DVL1",0
"MED14",0
"MED15",0
"MED17",0
"MED18",0
"MED19",0
"ABCB9",0
"ABCB8",0
"PSME4",0
"PSME2",0
"PSME3",0
"PSME1",0
"MTSS1",0
"HMGA1",0
"NLRC5",0
"BAI1",0
"TOPBP1",0
"SUPT7L",0
"PMAIP1",0
"SLC9A8",0
"SERPINF2",0
"TGM2",0
"SLC30A5",0
"SLC30A7",0
"SLC30A1",0
"FURIN",0
"LOC729020",0
"GADD45A",1
"GADD45B",0
"GADD45G",0
"ADM2",0
"AZI2",0
"HLA-DPB1",0
"CETP",0
"NARS2",0
"NAIP",0
"NUPL1",0
"NUPL2",0
"GMPR",0
"GMPS",0
"DHODH",0
"ZNF273",0
"ZNF274",0
"NCAPG",0
"ITGA10",0
"EPHB6",0
"EIF5B",0
"EIF5A",0
"MAML2",0
"MAML3",0
"MAML1",0
"IL28RA",0
"SREBF1",0
"TUBB8",0
"TUBB6",0
"TUBB3",0
"TUBB1",0
"FAN1",0
"HERC3",0
"HERC2",0
"HERC5",0
"HERC4",0
"PARP3",0
"B3GNT1",0
"TFDP2",0
"TFDP1",0
"MKNK2",0
"EIF3D",0
"MKNK1",0
"ADRA2A",0
"CCR1",0
"CCR2",0
"CCR3",0
"CCR4",0
"RHOT1",0
"CCR6",0
"CCR7",0
"CCR8",0
"CCR9",0
"BCAS2",0
"CD81",0
"CD80",0
"CD82",0
"RPL13A",0
"SLC8A1",0
"SLC8A3",0
"BNIP3L",0
"EFNA5",0
"EFNA4",0
"EFNA3",0
"EFNA1",0
"CD8A",0
"CD8B",0
"PORCN",0
"GALNT14",0
"LRP1",0
"LRP6",0
"GALNT10",0
"LRP5",0
"CDS1",0
"CDS2",0
"PDE9A",0
"HLA-DOA",0
"HLA-DOB",0
"HARS2",0
"LIMK2",0
"LIMK1",0
"MAP2",0
"C8G",0
"TEAD3",0
"TEAD2",0
"NFKBIB",0
"CHIT1",0
"APEX1",0
"APEX2",0
"RPL37A",0
"DAAM1",0
"SERPINI1",0
"ESRRA",0
"CLDN23",0
"CLDN20",0
"HJURP",0
"MAPT",0
"HLA-DQA1",0
"HLA-DQA2",0
"ASB12",0
"GSR",0
"ASB16",0
"DHCR7",0
"CASP10",0
"GSC",0
"TROVE2",0
"GSN",0
"ZFP1",0
"ZFP2",0
"GNB2L1",0
"XCL2",0
"MPST",0
"TLE2",0
"PTBP1",0
"NNT",0
"HK2",0
"HK3",0
"HK1",0
"ATP2B1",0
"CACNA2D3",0
"ATP2B2",0
"ATP2B4",0
"CACNA2D4",0
"FDPS",0
"SUPT4H1",0
"XRN1",0
"XRN2",0
"CTNND1",0
"PABPC1",0
"MAPKAPK5",0
"MAPKAPK3",0
"MAPKAPK2",0
"PDHX",0
"C3AR1",0
"PIK3R6",0
"PIK3R5",0
"PIK3R4",0
"PIK3R3",0
"PIK3R2",0
"PIK3R1",0
"CTNNBL1",0
"PDHB",0
"PTPRN2",0
"PTCRA",0
"CRLS1",0
"AASDHPPT",0
"TOMM40L",0
"NFATC1",0
"IDS",0
"IDE",0
"NCAM1",0
"TICAM1",0
"TICAM2",0
"DROSHA",0
"CGN",0
"TLR7",0
"POLD1",0
"POLD2",0
"POLD3",0
"POLD4",0
"PML",0
"ATP7B",0
"CHRNA5",0
"FER",0
"CHRNA2",0
"MLST8",0
"MAPK8IP1",0
"MAPK8IP2",0
"MAPK8IP3",0
"DICER1",0
"ID2",0
"ID3",0
"ID1",0
"CD164",0
"MSN",0
"LEPREL2",0
"LEPREL1",0
"OPLAH",0
"SEC31A",0
"XBP1",0
"UBOX5",0
"ANKRD1",0
"AQR",0
"GLI3",0
"GLI1",0
"SRA1",0
"LONP2",0
"PDGFA",0
"HNRNPA1L2",0
"PDGFD",0
"ORC6",0
"ORC4",0
"ORC5",0
"ORC2",0
"GTF2E2",0
"ORC1",0
"RCC1",0
"RCC2",0
"DNM1L",0
"SIGLEC1",0
"GSTK1",0
"FGFR1OP2",0
"FHIT",0
"NCBP2",0
"LAPTM5",0
"B2M",0
"AGK",0
"SQLE",0
"HIST1H4D",0
"SPTLC2",0
"DRAP1",0
"ABCD1",0
"ABCD3",0
"ABCD2",0
"ABCD4",0
"SIRPG",0
"CBLB",0
"ZNF45",0
"HIST1H4H",0
"ZNF43",0
"SIRPA",0
"ANGPT1",0
"AGMAT",0
"CYP2U1",0
"LILRB5",0
"LILRB3",0
"LILRB2",0
"LILRB1",0
"DGAT1",0
"KIR2DS4",0
"GRAP2",0
"KSR1",0
"TRAM1",0
"PPIH",0
"GATAD2B",0
"TACR2",0
"KCNH4",0
"KCNH7",0
"KCNH1",0
"KCNH3",0
"KCNH2",0
"KCNH8",0
"SLC28A3",0
"MRPL53",0
"NUP133",0
"PRNP",0
"LIN37",0
"FOXM1",0
"NDUFAF2",0
"AP3D1",0
"SULT1A1",0
"SULT1A2",0
"SH2B2",0
"PRKAR1A",0
"PRKAR1B",0
"SH2B1",0
"SAR1B",0
"PTTG2",0
"C19orf10",0
"CDC45",0
"CDC40",0
"CDC42",0
"NADSYN1",0
"PGLYRP1",0
"BIN1",0
"DPYD",0
"UBTF",0
"CDCA7",0
"PPP2R2D",0
"TIMM50",0
"GFAP",0
"UTS2",0
"RSF1",0
"PPP2R2B",0
"SMOX",0
"CYB5A",0
"ALKBH3",0
"HLA-DMB",0
"HLA-DMA",0
"PCK2",0
"SPRED1",0
"SPRED2",0
"NPAS2",0
"PRL",0
"RELT",0
"GSS",0
"RELB",0
"RELA",0
"HDGF",0
"MRPL36",0
"MRPL37",0
"MRPL34",0
"MRPL35",0
"MRPL32",0
"MRPL33",0
"MRPL30",0
"ARG1",1
"PTH2R",0
"UBE2R2",0
"MRPL39",0
"THOC3",0
"THOC2",0
"THOC1",0
"THOC7",0
"THOC6",0
"THOC5",0
"THOC4",0
"HSD3B7",0
"WHSC1",0
"ATR",0
"MAVS",0
"WHSC2",0
"NUP88",0
"FOXP3",0
"IL10RA",0
"IL10RB",0
"NUP85",0
"COPS5",0
"ZNF596",0
"ZNF597",0
"ZNF595",0
"ZNF599",0
"TKT",0
"NLK",0
"FDFT1",0
"NUDT9",0
"IGF1",0
"DLD",0
"NUDT2",0
"NUDT5",0
"TK2",0
"TCF4",0
"CTBP2",0
"LARS",0
"MEF2C",0
"MEF2A",0
"RSL24D1",0
"SSB",0
"EPHX1",0
"EPHX2",0
"MFNG",0
"ZNF333",0
"ZNF331",0
"RPLP2",0
"RPLP1",0
"RPLP0",0
"EVL",0
"IPPK",0
"TRIO",0
"MTMR14",0
"UGDH",0
"CYP24A1",0
"MFN2",0
"TCP1",0
"ZNF33B",0
"ZNF33A",0
"MAD2L2",0
"MAD2L1",0
"SVIL",0
"TCEB3",0
"TCEB2",0
"TCEB1",0
"APOA1",0
"ST3GAL3",0
"ST3GAL2",0
"ST3GAL1",0
"ST3GAL6",0
"GALNS",0
"TJAP1",0
"SLC16A1",0
"SLC16A3",0
"SLC16A7",0
"CEP135",0
"ARHGAP30",0
"ARHGAP31",0
"ARHGAP32",0
"BCKDHB",0
"BCKDHA",0
"WIPF1",0
"DYNLL1",0
"LYVE1",0
"DYNLL2",0
"UQCRQ",0
"UQCRH",0
"UQCRB",0
"CACNA1H",0
"CACNA1A",0
"CACNA1C",0
"CACNA1D",0
"CACNA1E",0
"CACNA1F",0
"SYCP3",0
"ATP6V0D1",0
"LSS",0
"FLCN",0
"BMP8A",0
"BMP8B",0
"BGLAP",0
"SLC15A2",0
"SLC15A3",0
"SLC15A4",0
"KCNIP4",0
"PQBP1",0
"ACOX2",0
"SLBP",0
"RRAS2",0
"HIF1A",0
"SLC31A1",0
"ZFP90",0
"ZFP91",0
"RICTOR",0
"PPM1G",0
"THEM4",0
"PPM1B",0
"PPM1A",0
"EGR2",0
"C4BPA",0
"C4BPB",0
"EGR1",0
"PPM1J",0
"PJA1",0
"PJA2",0
"CHEK2",0
"CHEK1",0
"PRKAB2",0
"PRKAB1",0
"SIKE1",0
"PAX5",0
"PAX6",0
"PTPN2",0
"PTPN1",0
"PTPN7",0
"PAX8",0
"GINS2",0
"GINS1",0
"GINS4",0
"STUB1",0
"PTDSS1",0
"PTDSS2",0
"ALG10B",0
"ARRB2",0
"ARRB1",0
"CYP2S1",0
"CYBRD1",0
"ADORA1",0
"ADI1",0
"PSMA2",0
"PSMA3",0
"PSMA1",0
"PSMA6",0
"PSMA7",0
"PSMA4",0
"PSMA5",0
"C3",0
"C2",0
"PSMA8",0
"ZNF101",0
"C5",0
"FBXO45",0
"FBXO44",0
"MGLL",0
"EIF2C3",0
"EIF2C2",0
"RPS6KA3",0
"DET1",0
"CP",0
"NRBF2",0
"KCNJ2",0
"SFRP5",0
"AGPAT6",0
"AGPAT5",0
"AGPAT4",0
"AGPAT3",0
"AGPAT2",0
"AGPAT1",0
"COL1A1",0
"AGPAT9",0
"FOXO3",0
"GAL3ST1",0
"FOXO1",0
"FOXO4",0
"PEX10",0
"PEX13",0
"PEX12",0
"PEX14",0
"PEX16",0
"AP3B1",0
"AP3B2",0
"GIT2",0
"PPP1CB",0
"PPP1CC",0
"PPP1CA",0
"COL6A1",0
"COL6A3",0
"COL6A2",0
"SRP9",0
"OGG1",0
"HIF1AN",0
"SESN3",0
"SLC34A1",0
"NFKBIE",0
"BLNK",0
"ARHGDIA",0
"UBR2",0
"UBR1",0
"UBR5",0
"UBR4",0
"SOCS5",0
"SOCS4",0
"SOCS7",0
"SOCS6",0
"SOCS1",0
"SRPR",0
"SOCS3",1
"SOCS2",0
"PPP2CA",0
"PPP2CB",0
"CCNC",0
"CCNH",0
"PCM1",0
"IL1R2",0
"IL1R1",0
"JMY",0
"LRRK2",0
"COPE",0
"CRMP1",0
"TGFB1I1",0
"MRPL10",0
"MRPL11",0
"MRPL12",0
"MRPL13",0
"MRPL14",0
"MRPL15",0
"MRPL16",0
"MRPL17",0
"CDC25C",0
"MRPL19",0
"CDC25A",0
"UAP1",0
"RNF43",0
"RNF41",0
"ARPC4",0
"ITPR2",0
"ITPR3",0
"ITPR1",0
"IL1RN",0
"AMPH",0
"DEPTOR",0
"LRIG1",0
"AIFM2",0
"RNF125",0
"AIFM1",0
"RNF123",0
"IL17RB",0
"IL17RA",0
"LAP3",0
"POT1",0
"FFAR2",0
"MUC5B",0
"OPN3",0
"NCOR2",0
"NCOR1",0
"TEK",0
"SSPO",0
"TEC",0
"NBN",0
"NFKB1",0
"NFKB2",0
"SIAH1",0
"SIAH2",0
"PHLPP1",0
"DAPP1",0
"PIAS2",0
"PIAS3",0
"CTGF",0
"PIAS1",0
"PIAS4",0
"ZNF311",0
"ZNF317",0
"ZNF318",0
"P2RX1",0
"P2RX5",0
"P2RX4",0
"P2RX7",0
"P2RX6",0
"HADHB",0
"HADHA",0
"SAE1",0
"PLXNB3",0
"AP4M1",0
"VTI1B",0
"ALS2",0
"DIS3",0
"PIF1",0
"SDHA",0
"SDHC",0
"SDHB",0
"SDHD",0
"AP1M2",0
"AP1M1",0
"FKBP14",0
"L1CAM",0
"SMG5",0
"SMG7",0
"SMG6",0
"SMG1",0
"DLG4",0
"UQCRHL",0
"IGF1R",0
"LHB",0
"IFNG",1
"PCBP1",0
"GMIP",0
"ARHGAP17",0
"STARD8",0
"ARHGAP15",0
"ARHGAP12",0
"ARHGAP10",0
"STARD4",0
"ARHGAP19",0
"IL7R",0
"CHKA",0
"CHKB",0
"MRI1",0
"DST",0
"DSP",0
"TOMM5",0
"THBD",0
"DSE",0
"GSTO2",0
"GSTO1",0
"RING1",0
"TTC37",0
"HS3ST3B1",0
"PLEK",0
"MARCKS",0
"EEF1A1",0
"AUH",0
"CAPZA2",0
"CAPZA1",0
"GEMIN6",0
"GEMIN7",0
"GEMIN4",0
"LMO7",0
"ERBB2",0
"ZWINT",0
"SYN3",0
"CIR1",0
"LARS2",0
"DDX17",0
"PEX26",0
"DDX11",0
"GJB5",0
"DDX18",0
"GJB6",0
"GRIN3A",0
"GRIN3B",0
"PSMC1",0
"PSMC2",0
"PSMC3",0
"PSMC4",0
"PSMC5",0
"PSMC6",0
"KIF18A",0
"TRIP10",0
"TRIP12",0
"HLA-G",0
"ZNF564",0
"IFT172",0
"CERK",0
"RBM28",0
"DNAL4",0
"DNAL1",0
"GRHPR",0
"TMEM173",0
"EIF3H",0
"EIF3I",0
"EIF3J",0
"EIF3K",0
"IARS2",0
"EIF3A",0
"EIF3B",0
"EIF3E",0
"EIF3F",0
"EIF3G",0
"FADD",0
"CDKN2B",0
"CDKN2C",0
"CDKN2A",0
"CDKN2D",0
"INPP5A",0
"INPP5B",0
"EDEM2",0
"EDEM3",0
"EDEM1",0
"NME1",0
"TAS1R3",0
"CCL2",0
"CCL3",0
"NFATC2",0
"NFATC3",0
"NFATC4",0
"CCL4",0
"CCL5",0
"AP2B1",0
"GTF2E1",0
"GFER",0
"RDBP",0
"CYP26B1",0
"PPP1R14B",0
"PPP1R14C",0
"PPP1R14A",0
"CD46",0
"PRIC285",0
"RALY",0
"SRRT",0
"FGFR1OP",0
"ALKBH2",0
"RALB",0
"RALA",0
"DNAJB9",0
"PVR",0
"ERCC6L",0
"AMDHD1",0
"AMDHD2",0
"DIDO1",0
"RAB23",0
"COL17A1",0
"GRIK1",0
"GRIK4",0
"GRIK5",0
"SGSH",0
"CALR",0
"ARPC1B",0
"PHB2",0
"MSH2",0
"MSH3",0
"MSH5",0
"MSH6",0
"TIMM8A",0
"COPA",0
"COPG",0
"NT5M",0
"HIST2H2AC",0
"NRIP1",0
"GSTP1",0
"VTI1A",0
"GPR132",0
"ATP6V1C2",0
"ATP6V1C1",0
"CHSY1",0
"TOMM7",0
"PPP1R3D",0
"PPP1R3B",0
"PNPLA2",0
"LUC7L3",0
"LUC7L2",0
"HAL",0
"TBXAS1",0
"SH3GLB1",0
"SH3GLB2",0
"CHERP",0
"EHHADH",0
"NME4",0
"NME6",0
"NME7",0
"INPP5D",0
"INPP5E",0
"NME2",0
"NME3",0
"INPP5J",0
"INPP5K",0
"ZNF37A",0
"CLSPN",0
"FGFR1",0
"EPB41",0
"SETD1A",0
"VPS37D",0
"VPS37C",0
"VPS37B",0
"VPS37A",0
"TIAM1",0
"TIAM2",0
"PNPLA8",0
"FOS",1
"ATG13",0
"ASB7",0
"ATG12",0
"PF4V1",0
"SEC14L2",0
"UPF2",0
"IL1B",0
"RBM8A",0
"CASK",0
"GPR83",0
"COMT",0
"WBP11",0
"GLCE",0
"ADAM28",0
"IL18",0
"IL10",0
"GSTM2",0
"GSTM3",0
"GSTM5",0
"LPAR2",0
"PINX1",0
"NOXA1",0
"DAD1",0
"RCHY1",0
"CBR3",0
"CPT1A",0
"CPT1C",0
"CPT1B",0
"MCM7",0
"MCM6",0
"MCM5",0
"MCM4",0
"MCM3",0
"MCM2",0
"DUSP16",0
"DUSP10",1
"MCM8",0
"SQSTM1",0
"AGFG1",0
"M6PR",0
"UBQLN1",0
"PKMYT1",0
"KIFAP3",0
"MS4A2",0
"MS4A1",0
"ZNF141",0
"ZNF140",0
"ZNF143",0
"DNTT",0
"CPT2",0
"DSC2",0
"PYGB",0
"COX8A",0
"PYGL",0
"MAGOH",0
"PFAS",0
"SOD2",0
"DDX3Y",0
"SOD1",0
"TMF1",0
"RANGAP1",0
"BAMBI",0
"KCNN4",0
"KCNN3",0
"PMS2",0
"MST1R",0
"GRIP1",0
"PTAFR",0
"GRIP2",0
"SLC19A2",0
"SLC19A1",0
"VDR",0
"NR3C2",0
"MIS12",0
"PIM1",0
"SLC35A1",0
"SLC35A2",0
"SLC35A3",0
"NXF1",0
"FAF1",0
"PGM1",0
"PGM2",0
"PGM3",0
"ABCB10",0
"SART1",0
"PMP22",0
"CDC27",0
"CDC26",0
"CDC23",0
"CDC20",0
"NUP153",0
"MAN1C1",0
"LIN54",0
"LIN52",0
"SORCS3",0
"RPL35A",0
"CARS2",0
"TNPO1",0
"NAGK",0
"MAPK3",1
"MAPK1",1
"MAPK6",0
"MAPK7",0
"MAPK8",1
"MAPK9",1
"SGPP2",0
"SGPP1",0
"WTAP",0
"ATP8A2",0
"ATP8A1",0
"BCOR",0
"BCAP31",0
"METTL3",0
"STAT5B",0
"STAT5A",0
"MED6",0
"EPB41L1",0
"UST",0
"SERPINA1",0
"NRAS",0
"PXN",0
"CABLES1",0
"CABLES2",0
"KIDINS220",0
"PACS1",0
"UPF3B",0
"UPF3A",0
"BRAF",0
"PDPK1",0
"P4HA2",0
"P4HA1",0
"ANP32A",0
"FDXR",0
"HPSE2",0
"ZFYVE16",0
"ALMS1",0
"TAZ",0
"MRPL54",0
"MRPL55",0
"MRPL50",0
"MRPL51",0
"MRPL52",0
"PRIM2",0
"GRSF1",0
"MUC16",0
"MUC12",0
"FKBP4",0
"OR52K1",0
"ANGPTL4",0
"RARS2",0
"MMP14",0
"RASGRP3",0
"MMP11",0
"RASGRP4",0
"GSTM4",0
"IL15",0
"MYO18A",0
"PPP1R1B",0
"NF2",0
"NF1",1
"GPAA1",0
"IL5RA",0
"KCNK17",0
"KCNK13",0
"NCAPD2",0
"BLM",0
"BLK",0
"HCK",0
"ZNF426",0
"ZNF425",0
"ZNF350",0
"ZNF420",0
"SIRPB1",0
"SRGAP1",0
"SRGAP3",0
"SRGAP2",0
"DLK1",0
"TSC2",0
"TSC1",0
"NEDD8",0
"P2RY14",0
"NEDD1",0
"SMC3",0
"SMC2",0
"NEDD4",0
"P2RY11",0
"P2RY12",0
"P2RY13",0
"LEPR",0
"LTA",0
"LTF",0
"ALG10",0
"ALG11",0
"ALG12",0
"ALG13",0
"ALG14",0
"BANF1",0
"LMOD1",0
"LTA4H",0
"GYG1",0
"PYGM",0
"SHISA5",0
"HNF1A",0
"GAS1",0
"COX11",0
"CBR1",0
"PTK2B",0
"DAB2",0
"HYOU1",0
"LOC728622",0
"CNOT4",0
"SC5DL",0
"RAB5A",0
"RAB5C",0
"RAB5B",0
"AMACR",0
"SLC41A1",0
"SLC41A2",0
"SCARB2",0
"SCARB1",0
"CSF1",0
"WNT7A",0
"ANXA1",0
"ERAP1",0
"RRAD",0
"EMR1",0
"EMR2",0
"EMR3",0
"DDX58",0
"ZNF160",0
"ZNF167",0
"DDX54",0
"GATM",0
"CDC42BPA",0
"TXNRD2",0
"COX6C",0
"TXNRD1",0
"BUB1",0
"RNPS1",0
"BUB3",0
"UBE2E1",0
"UBE2E3",0
"UBE2E2",0
"ADSSL1",0
"EGLN3",0
"EGLN2",0
"PLA2G16",0
"TP53BP2",0
"MYBPC3",0
"MYBPC2",0
"POU5F1",0
"PCNT",0
"HSD17B12",0
"CSF1R",0
"PRPF40B",0
"SPRY2",0
"SPRY1",0
"TRPC1",0
"TRPC6",0
"DUSP14",0
"FBXW8",0
"COASY",0
"TRIM33",0
"TNFSF14",0
"USF2",0
"USF1",0
"FBXO27",0
"SLC35C1",0
"GNB5",0
"GNB4",0
"GNB1",0
"GNB3",0
"GNB2",0
"TNFRSF6B",0
"TGFBR3",0
"GTF2A1",0
"GTF2A2",0
"C1D",0
"IQGAP1",0
"IQGAP2",0
"IQGAP3",0
"REC8",0
"NOD1",0
"NOD2",0
"HCLS1",0
"TRIM36",0
"ARNTL",0
"NDUFS8",0
"DYNC1H1",0
"TUBA4A",0
"CALD1",0
"CCNB3",0
"CCNB2",0
"CCNB1",0
"CSTF1",0
"CSTF3",0
"CSTF2",0
"COQ2",0
"POU2F2",0
"POU2F1",1
"PCCB",0
"PCCA",0
"CTSS",0
"PDE4A",0
"SERPINC1",0
"TPD52",0
"CLN5",0
"CLN3",0
"LIMA1",0
"TCF7L1",0
"TCF7L2",0
"RNF182",0
"BMPR2",0
"PNPO",0
"RBX1",0
"GBF1",0
"APBB1IP",0
"HRAS",0
"SKI",0
"C16orf80",0
"JMJD1C",0
"DDO",0
"DTNBP1",0
"LAMC3",0
"LAMC1",0
"GPHN",0
"GSTT1",0
"CDC14B",0
"CDC14A",0
"ATP6V1G2",0
"ATP6V1G1",0
"PPT2",0
"PDGFC",0
"INPP4A",0
"ZNF354A",0
"VARS2",0
"ERN1",0
"RPS26",0
"RPS27",0
"RPS24",0
"RPS25",0
"RPS23",0
"RPS20",0
"RPS21",0
"RPS28",0
"RPS29",0
"UCHL5",0
"CHMP1B",0
"UCHL1",0
"AGRN",0
"PREB",0
"COL13A1",0
"AIMP2",0
"AIMP1",0
"MDH2",0
"MDH1",0
"DDX3X",0
"PDE6B",0
"CBS",0
"SMARCA5",0
"TERT",0
"GPX4",0
"MYBBP1A",0
"FLNB",0
"CASP6",0
"CASP7",0
"CASP4",0
"CASP5",0
"CASP2",0
"CASP3",0
"CASP1",0
"DRD4",0
"CASP8",0
"FASLG",0
"PICALM",0
"DOLPP1",0
"GLG1",0
"AKT2",0
"AKT3",0
"UPB1",0
"MRC2",0
"ANAPC11",0
"ANAPC10",0
"ANAPC13",0
"PGAM2",0
"MYC",0
"MYB",0
"ENTPD6",0
"ENTPD5",0
"ENTPD4",0
"ENTPD2",0
"ENTPD1",0
"ALOX5",0
"SNAPC3",0
"SNAPC2",0
"SNAPC1",0
"SNAPC5",0
"SNAPC4",0
"TNFRSF10C",0
"TNFRSF10B",0
"HYAL2",0
"HYAL1",0
"TNFRSF10A",0
"SNAPIN",0
"SPC25",0
"SPC24",0
"TNFRSF10D",0
"DCTN2",0
"CSDA",0
"SRP14",0
"SRP19",0
"NPEPPS",0
"ODF2",0
"RAB7A",0
"GNPNAT1",0
"KIF3B",0
"KIF3C",0
"KIF3A",0
"HADH",0
"WNT5B",0
"NCF2",0
"NCF1",0
"NCF4",0
"STAMBP",0
"MUTYH",0
"HNRNPH1",0
"HNRNPH2",0
"MRPS35",0
"MRPS34",0
"MRPS36",0
"TBC1D4",0
"MRPS30",0
"MRPS33",0
"PTCH2",0
"TBXA2R",0
"SEL1L",0
"SNUPN",0
"UNC13B",0
"HNRNPUL1",0
"DEGS1",0
"DEGS2",0
"PAIP1",0
"TMSB4Y",0
"PCOLCE2",0
"CNTNAP1",0
"VHL",0
"CNTNAP2",0
"PAPSS1",0
"TXN",0
"PAPSS2",0
"TXK",0
"ZWILCH",0
"WARS2",0
"LSM10",0
"LSM11",0
"UBE2G2",0
"UBE2G1",0
"PRPF38A",0
"PRPF38B",0
"G3BP2",0
"OR2B6",0
"PDE6C",0
"IFNAR2",0
"IFNAR1",0
"SGPL1",0
"APBB1",0
"IRAK2",0
"IRAK1",0
"IRAK4",0
"DIAPH1",0
"DIAPH2",0
"DIAPH3",0
"WRN",0
"SMARCD3",0
"SMARCD1",0
"GATA6",0
"GATA2",0
"GATA3",0
"CCND1",1
"CCND3",0
"CCND2",0
"RILP",0
"CEP290",0
"TCF12",0
"TNKS",0
"RPS27L",0
"ACVR1B",0
"RPS27A",0
"GABBR1",0
"SERPINE1",0
"TNNT1",0
"HMMR",0
"PDLIM7",0
"FTL",0
"MCCC1",0
"TNK2",0
"ANPEP",0
"HES1",1
"HES6",0
"CAPNS1",0
"KLHL20",0
"CAPNS2",0
"THRB",0
"GABRR2",0
"SMS",0
"TAF13",0
"TAF12",0
"TAF11",0
"TAF10",0
"TRIM59",0
"POLB",0
"FH",0
"PSMD9",0
"POLL",0
"POLH",0
"NDUFV3",0
"NDUFV2",0
"NDUFV1",0
"LAMA2",0
"IL17B",0
"CYP51A1",0
"TAF1C",0
"TAF1B",0
"TAF1A",0
"F5",0
"F7",0
"F8",0
"GSTZ1",0
"ATP6V1E2",0
"HTR3A",0
"HS2ST1",0
"EI24",0
"SGMS2",0
"SGMS1",0
"MITF",0
"PRC1",0
"RPTOR",0
"ARPC3",0
"HMGCL",0
"ZNF649",0
"HSD17B1",0
"HSD17B3",0
"ZNF642",0
"ZNF643",0
"ZNF641",0
"ALDH3B2",0
"ALDH3B1",0
"TONSL",0
"NUP155",0
"RTN4",0
"ARPC2",0
"KPNB1",0
"HGS",0
"ABR",0
"HGF",0
"HGD",0
"PRMT5",0
"BACE1",0
"BACE2",0
"PARD3",0
"SLU7",0
"ZNF398",0
"ZNF468",0
"ZNF460",0
"PRCP",0
"ZNF394",0
"HUWE1",0
"ARAF",0
"PKP2",0
"NUDT21",0
"PEBP1",0
"IFT57",0
"CEP192",0
"LPP",0
"TNFRSF21",0
"LPL",0
"TNFRSF25",0
"AARS2",0
"C1QC",0
"C1QB",0
"C1QA",0
"MAMLD1",0
"WFS1",0
"ELMO1",0
"ELMO2",0
"ITGB3",0
"NOS3",0
"SLC29A3",0
"SLC29A2",0
"SLC29A1",0
"ADORA2A",0
"ADORA2B",0
"TIRAP",0
"ARHGAP18",0
"CSK",0
"JAM3",0
"CNOT10",0
"MRAS",0
"GALNT9",0
"GALNT6",0
"GALNT7",0
"GALNT1",0
"GALNT2",0
"GALNT3",0
"CD74",0
"CD70",0
"CD72",0
"CLOCK",0
"RFC5",0
"RFC4",0
"NOXO1",0
"RFC1",0
"RFC3",0
"RFC2",0
"SH3BP5",0
"KIF11",0
"SH3BP2",0
"CBX8",0
"CBX5",0
"CBX4",0
"CBX3",0
"NLRP1",0
"NLRP3",0
"PSEN2",0
"PSEN1",0
"BTLA",0
"RAB13",0
"SRP72",0
"PPP1R12A",0
"PPP1R12B",0
"RQCD1",0
"RAB1A",0
"NAGLU",0
"ACADSB",0
"IGF2BP3",0
"IGF2BP2",0
"ZFP36",0
"ZFP37",0
"AATF",0
"ERCC8",0
"ERCC1",0
"ERCC2",0
"ERCC3",0
"ERCC4",0
"ERCC5",0
"ERCC6",0
"CD244",0
"MRPS16",0
"MRPS15",0
"CD247",0
"MRPS12",0
"MRPS11",0
"MRPS10",0
"PFKP",0
"PFKM",0
"PFKL",0
"TNNI2",0
"TNNI3",0
"FAM125A",0
"FAM125B",0
"KCND1",0
"MFSD8",0
"KCND3",0
"SNURF",0
"LSM4",0
"LSM5",0
"LSM6",0
"LSM7",0
"WARS",0
"LSM2",0
"CACYBP",0
"SEH1L",0
"CACNG8",0
"SSR1",0
"SSR2",0
"SSR3",0
"SSR4",0
"CASP8AP2",0
"FZD9",0
"UBA7",0
"RANBP10",0
"BHLHE40",0
"BHLHE41",0
"MAGI3",0
"MAGI2",0
"ZNF337",0
"GNPDA1",0
"MAP4K2",0
"SLC25A20",0
"SMUG1",0
"UBE2O",0
"KLRC1",0
"VPS36",0
"BST1",0
"COPB1",0
"COPB2",0
"KDM4C",0
"CARM1",0
"B9D2",0
"KLRC3",0
"PGK2",0
"TNIK",0
"SERPING1",0
"PSTPIP1",0
"DOCK10",0
"POFUT1",0
"SEC23A",0
"ICAM4",0
"ICAM2",0
"ICAM1",0
"DPM3",0
"DPM2",0
"CTDSP2",0
"MARCKSL1",0
"CYP27B1",0
"EBNA1BP2",0
"VIPR1",0
"SGK1",0
"ARPC5L",0
"ZNF619",0
"MAP4K3",0
"MAP4K5",0
"MAP4K4",0
"CYCS",0
"KIT",0
"GPD1",0
"GPD2",0
"NEFM",0
"NEFH",0
"GAN",0
"GAK",0
"NRG1",0
"NRG2",0
"NRG4",0
"GAA",0
"SUV39H1",0
"ATP1B2",0
"SUV39H2",0
"C17orf48",0
"NUMB",0
"ATP1B1",0
"CYC1",0
"PSAT1",0
"TFCP2",0
"CKAP5",0
"BCL2L1",1
"BCL2L2",0
"UGP2",0
"ITSN1",0
"NDST1",0
"NDST2",0
"KMO",0
"KHK",0
"SH2D1A",0
"SCAMP2",0
"NEGR1",0
"RPS16",0
"TDP1",0
"ZNF445",0
"ZNF446",0
"ZNF440",0
"ZNF441",0
"ZNF442",0
"ZNF443",0
"EPT1",0
"MEFV",0
"GFRA2",0
"DHDH",0
"RPS2",0
"PSENEN",0
"AP4S1",0
"FAM175A",0
"THBS4",0
"THBS2",0
"THBS3",0
"THBS1",0
"PVRL1",0
"PVRL3",0
"PVRL2",0
"OSM",0
"CD79A",0
"LNX1",0
"STAG2",0
"STAG3",0
"STAG1",0
"AP1G1",0
"ARG2",0
"BUD31",0
"EHD4",0
"EHD3",0
"EHD2",0
"EHD1",0
"ABL1",0
"ABL2",0
"TMED2",0
"GRAP",0
"SNRPF",0
"HNRNPR",0
"SLC6A19",0
"HNRNPK",0
"HNRNPL",0
"HNRNPM",0
"HNRNPC",0
"HNRNPD",0
"RPL27A",0
"HNRNPF",0
"SYDE2",0
"SYDE1",0
"GLUD2",0
"GLUD1",0
"ISG20",0
"HSP90AA1",0
"CD55",0
"CD58",0
"CD59",0
"SCP2",0
"SRP54",0
"RAB31",0
"NEDD4L",0
"RAB38",0
"DOK2",0
"DOK1",0
"DOK6",0
"DOK4",0
"MCEE",0
"CLASP1",0
"PDIA6",0
"PDIA5",0
"PDIA4",0
"PDIA3",0
"RAB3A",0
"ALOX15B",0
"CD160",0
"AARS",0
"PDCD6IP",0
"WNT16",0
"WNT11",0
"HSPA2",0
"CEL",0
"HSPA6",0
"HIST1H4E",0
"HSPA4",0
"HIST1H4I",0
"HSPA8",0
"CD226",0
"PRKAG1",0
"STK24",0
"NET1",0
"PPP2R2A",0
"MUC6",0
"CRB3",0
"MUC4",0
"GK",0
"JUB",0
"CKMT2",0
"PHKG1",0
"CTBP1",0
"NTHL1",0
"TSG101",0
"HACL1",0
"GTF3C3",0
"GTF3C2",0
"GTF3C5",0
"GTF3C4",0
"IQSEC1",0
"IQSEC3",0
"IQSEC2",0
"XPO1",0
"TTK",0
"TTN",0
"FAM123B",0
"EPS15L1",0
"GART",0
"ZEB1",0
"GARS",0
"IBTK",0
"TOP1",0
"TCIRG1",0
"FRAT1",0
"FRAT2",0
"GIT1",0
"SIGIRR",0
"GBA",0
"CD40LG",0
"SESN1",0
"SESN2",0
"GHRL",0
"MIOX",0
"PELI1",0
"VARS",0
"PELI3",0
"PELI2",0
"SPARC",0
"PRIM1",0
"ENOPH1",0
"SRPK1",0
"ADARB1",0
"CXXC1",0
"NFX1",0
"EEA1",0
"OPHN1",0
"ALDH1A1",0
"SLIT1",0
"DTYMK",0
"UXS1",0
"NOLC1",0
"FXN",0
"RPL28",0
"SNW1",0
"RPL24",0
"MLF1IP",0
"TRIM11",0
"RPN1",0
"RPN2",0
"TAC3",0
"AHCTF1",0
"EFNB1",0
"CYP4F2",0
"CYP4F3",0
"HDAC4",0
"ASB2",0
"ASB1",0
"ASB6",0
"PI4KA",0
"ASB8",0
"ASB9",0
"RGS7",0
"HDAC8",0
"SLC47A1",0
"SLC16A10",0
"EEF1B2",0
"ATG5",0
"CHP",0
"PDE8A",0
"PDE8B",0
"DBI",0
"DBH",0
"MANBA",0
"CUBN",0
"DBP",0
"UQCRFS1",0
"TAF5L",0
"DBT",0
"FANCD2",0
"PGAM1",0
"MED1",0
"MED7",0
"MED4",0
"PINK1",0
"MED8",0
"MED9",0
"ZNF600",0
"ZNF606",0
"ZNF607",0
"ZNF605",0
"TREX1",0
"MXD1",0
"AKR1C3",0
"TCF7",0
"TCF3",0
"GCK",0
"PROZ",0
"PPP5C",0
"SLC22A15",0
"PROC",0
"BTK",0
"RASGRP2",0
"MMP15",0
"AMPD3",0
"AMPD2",0
"RASGRP1",0
"RPS6KB1",0
"SNRPA1",0
"PRPF40A",0
"RPS6KB2",0
"CHPT1",0
"TBPL1",0
"HPD",0
"UBE2D4",0
"GPCPD1",0
"DPAGT1",0
"RPS4X",0
"BUD13",0
"DLST",0
"ISY1",0
"F2RL3",0
"F2RL2",0
"F2RL1",0
"XAB2",0
"ST6GAL1",0
"PRDX5",0
"PCBD1",0
"PRDX3",0
"PRDX1",0
"AP3S2",0
"AP3S1",0
"AXIN2",0
"AXIN1",0
"MMRN1",0
"CAMP",0
"HSCB",0
"DNAI2",0
"MED23",0
"VASP",0
"PAPOLG",0
"PAPOLA",0
"PAPOLB",0
"CD38",0
"IFI27",0
"CD33",0
"CD34",0
"CD36",0
"CD37",0
"POLR3F",0
"POLR3G",0
"POLR3D",0
"POLR3E",0
"POLR3B",0
"POLR3C",0
"POLR3A",0
"TXNDC5",0
"POLR3K",0
"POLR3H",0
"DNMT1",0
"PSD3",0
"PSD2",0
"PSD4",0
"WDR61",0
"COBRA1",0
"SLC25A3",0
"SLC25A1",0
"PRMT1",0
"SLC25A5",0
"SLC25A4",0
"HMGCR",0
"KIF5A",0
"KIF5B",0
"MASP2",0
"CD3D",0
"CD3E",0
"CD3G",0
"ACADS",0
"HSPG2",0
"KAT2B",0
"KAT2A",0
"IFNGR1",0
"IFNGR2",0
"ACADM",0
"CD207",0
"ADAMTS2",0
"PPARGC1A",1
"PPARGC1B",0
"NFE2",0
"MADCAM1",0
"MAFG",0
"UMPS",0
"SMAP1",0
"CDK11A",0
"CDK11B",0
"KCNK10",0
"ACAD8",0
"CYP2E1",0
"RBCK1",0
"NEU3",0
"RPS7",0
"RPS6",0
"RPS5",0
"PLCE1",0
"ADAMTS14",0
"VDAC3",0
"VDAC2",0
"VDAC1",0
"RPS9",0
"RPS8",0
"DEF6",0
"DHX58",0
"PPBP",0
"SLC6A12",0
"GALT",0
"HMGCS1",0
"PHF5A",0
"SORD",0
"GALE",0
"GALC",0
"GALM",0
"NUP50",0
"RPSA",0
"NUP54",0
"TAPBP",0
"ADRB1",0
"ADRB2",0
"CSNK2B",0
"FCGR3A",0
"FCGR3B",0
"RNF34",0
"ALDH1A3",0
"PRICKLE1",0
"PRICKLE2",0
"RPL29",0
"RPL27",0
"RPL26",0
"RPL21",0
"RPL23",0
"RPL22",0
"GLT25D1",0
"ATG7",0
"MRPS6",0
"SMARCB1",0
"USE1",0
"CD27",0
"CDCA8",0
"OAZ2",0
"OAZ3",0
"OAZ1",0
"FXYD2",0
"MAFK",0
"MAFA",0
"PLIN2",0
"MAFF",0
"PLIN1",0
"MED10",0
"SMAP2",0
"DVL3",0
"RBPJ",0
"MED13",0
"ABCB7",0
"ABCB6",0
"MED16",0
"CCR10",0
"ABCB4",0
"KRAS",0
"ACYP1",0
"ACYP2",0
"EEF1G",0
"ARPC1A",0
"ACSL1",0
"ACSL6",0
"ACSL5",0
"ACSL3",0
"EEF1D",0
"IL20RB",0
"RPL8",0
"RPL9",0
"RPL6",0
"RPL7",0
"RPL4",0
"RPL5",0
"TRIM37",0
"RPL3",0
"G6PC3",0
"FEN1",0
"ACSL4",0
"GUCY1A3",0
"KREMEN2",0
"KREMEN1",0
"SCD",0
"ZNF585A",0
"ZNF585B",0
"SCT",0
"TPP2",0
"RHOH",0
"RHOB",0
"PTGES",0
"ACO2",0
"RHOG",0
"SUV420H1",0
"SUV420H2",0
"ITM2B",0
"UGT8",0
"P2RY10",0
"SMC4",0
"ZNF624",0
"ZNF625",0
"ZNF627",0
"ZNF620",0
"ZNF621",0
"CTNNA1",0
"UGT2B11",0
"TRIM32",0
"APAF1",0
"ADC",0
"ADA",0
"ADM",0
"ADK",0
"AKR1C2",0
"RASGRF1",0
"RASGRF2",0
"ZNF480",0
"ZNF483",0
"ZNF484",0
"ZNF485",0
"IGFALS",0
"DECR2",0
"DECR1",0
"PPIL2",0
"ACVR1",0
"KALRN",0
"JUNB",1
"JUND",1
"TFF3",0
"HIST1H2AM",0
"HIST1H2AK",0
"HIST1H2AE",0
"HIST1H2AD",0
"HIST1H2AG",0
"HIST1H2AC",0
"PRPF19",0
"PRPF18",0
"TRAF1",0
"TRAF2",0
"TRAF3",0
"TRAF4",0
"TRAF5",0
"RUVBL1",0
"ABCC10",0
"LTB",0
"DKC1",0
"MOV10",0
"ABP1",0
"MOCS3",0
"MOCS2",0
"MOCS1",0
"ZMYM2",0
"NPR2",0
"MLEC",0
"CAMK2D",0
"CAMK2G",0
"DEPDC1B",0
"SHFM1",0
"UCKL1",0
"PABPN1",0
"CD1D",0
"CD1E",0
"CD1B",0
"CD1C",0
"CD1A",0
"POLR1A",0
"POLR1B",0
"POLR1C",0
"POLR1D",0
"POLR1E",0
"HIP1R",0
"WDR48",0
"GTF2B",0
"JAK2",0
"JAK3",0
"JAK1",0
"GRM2",0
"SNRNP200",0
"CHUK",0
"PPARG",0
"PPARD",0
"RHOU",0
"PPARA",0
"CSGALNACT2",0
"CSGALNACT1",0
"MAGOHB",0
"CD14",0
"CD19",0
"PRKDC",0
"MKRN1",0
"RHOC",0
"DYRK2",0
"RGMB",0
"RHOA",0
"RGMA",0
"NR2F6",0
"RHOF",0
"F11R",0
"DDB2",0
"DDB1",0
"INHBE",0
"CYP2C8",0
"APOBEC3G",0
"IL21R",0
"CTTN",0
"DHFR",0
"PLCG2",0
"PLCG1",0
"GIPR",0
"EIF2S1",0
"EIF2S2",0
"GTF3A",0
"LPIN2",0
"LPIN3",0
"LPIN1",0
"KLF6",0
"KLF5",0
"KLF4",0
"SLC7A5",0
"REST",0
"DEDD",0
"KLRK1",0
"CCNA1",0
"NUP35",0
"NUP37",0
"MAP3K10",0
"ZNF544",0
"MAP3K12",0
"MAP3K13",0
"MAP3K14",0
"ZNF540",0
"ZNF543",0
"SLC1A4",0
"SLC1A7",0
"SLC1A3",0
"IKBKB",0
"OSBPL1A",0
"FCGR1B",0
"FCGR1A",0
"IKBKE",0
"MICB",0
"MICA",0
"RARA",0
"RARB",0
"RARG",0
"DHRS4",0
"DHRS3",0
"RARS",0
"DYRK1A",0
"TPO",0
"PCYT2",0
"IMPA1",0
"IMPA2",0
"CCRN4L",0
"TPR",0
"PHGDH",0
"SNAI1",0
"SLC2A9",0
"SLC2A8",0
"PTGES2",0
"SLC2A5",0
"SLC2A4",0
"SLC2A3",0
"SLC2A1",0
"ECHS1",0
"DIXDC1",0
"SYF2",0
"CCAR1",0
"VANGL2",0
"MTDH",0
"MADD",0
"ATRIP",0
"SLC46A1",0
"ENG",0
"NCAPH",0
"GTF2IRD1",0
"HDAC10",0
"F12",0
"EXOG",0
"EPAS1",0
"FZD8",0
"CNO",0
"CACNB2",0
"CREBBP",0
"TMEM126A",0
"NODAL",0
"CYP4B1",0
"RCOR1",0
"ADHFE1",0
"FLT4",0
"CACNB4",0
"FLT3",0
"FLT1",0
"SET",0
"H1FX",0
"VKORC1",0
"SUGP1",0
"H1F0",0
"MRPS18A",0
"MRPS18B",0
"MRPS18C",0
"CLU",0
"SKIV2L2",0
"TAF9B",0
"AMOTL1",0
"SF3B5",0
"SF3B4",0
"PNPT1",0
"SF3B1",0
"SF3B3",0
"SF3B2",0
"CYP17A1",0
"ALOX15",0
"ALOX12",0
"PRKX",0
"SEMA6B",0
"SEMA6C",0
"SEMA6A",0
"AP4B1",0
"INPPL1",0
"SCN2B",0
"EPRS",0
"DNAJC19",0
"SUPT16H",0
"LMAN1",0
"MLX",0
"PFKFB1",0
"PFKFB3",0
"PFKFB2",0
"PFKFB4",0
"ITPA",0
"ACTG1",0
"ACTG2",0
"CWC27",0
"CWC22",0
"LTBR",0
"MAP3K8",0
"MAP3K9",0
"C2orf29",0
"MAP3K2",0
"MAP3K3",0
"PRPF31",0
"MAP3K1",0
"MAP3K6",0
"MAP3K7",0
"MAP3K4",0
"MAP3K5",0
"NUP214",0
"CCBP2",0
"NUP210",0
"ZNF200",0
"IDH2",0
"IDH1",0
"ZNF208",0
"SETD8",0
"SH2D2A",0
"SETD2",0
"SETD7",0
"SOS2",0
"XAF1",0
"DZIP3",0
"GPX7",0
"ECH1",0
"RRM2B",0
"GBP2",0
"NPPA",0
"GBP6",0
"GBP5",0
"HERC1",0
"TP53",0
"ST8SIA6",0
"ST8SIA4",0
"WNT10A",0
"STX1A",0
"FARS2",0
"STX1B",0
"RPS15A",0
"SRGN",0
"NSMAF",0
"HARS",0
"SIK1",0
"SIK3",0
"SIK2",0
"RAB22A",0
"NCS1",0
"FAIM",0
"QARS",0
"WAS",0
"STX11",0
"FARSB",0
"FARSA",0
"STX12",0
"STX17",0
"STX16",0
"ZMIZ2",0
"ZMIZ1",0
"LIPA",0
"IL23A",1
"IFITM1",0
"ATP11C",0
"ATP11B",0
"ATP11A",0
"TLN2",0
"TLN1",0
"DPP4",0
"SUOX",0
"STRN",0
"CEP63",0
"IK",0
"HBP1",0
"CTRC",0
"ZFYVE9",0
"DHX16",0
"DHX15",0
"DGCR8",0
"RXFP2",0
"NDUFB10",0
"RGNEF",0
"LCLAT1",0
"GOT2",0
"GOT1",0
"RNASEL",0
"ZFAND5",0
"ROBO1",0
"ADRM1",0
"FBXL3",0
"PYCRL",0
"FBXL5",0
"CDC7",0
"DARS2",0
"ZNF569",0
"ZNF567",0
"ZNF566",0
"ZNF565",0
"ZNF559",0
"ZNF563",0
"ZNF561",0
"STMN1",0
"RHOT2",0
"NOX1",0
"TOMM22",0
"TRAF6",0
"UBE3B",0
"RAF1",0
"UBE3A",0
"TOP2A",0
"LAMB2",0
"SLC26A1",0
"SLC26A2",0
"FGF9",0
"SDC1",0
"SDC2",0
"SDC4",0
"ELOVL6",0
"ELOVL7",0
"ELOVL4",0
"HTT",0
"ELOVL3",0
"ELOVL1",0
"DIABLO",0
"CD86",0
"HEYL",0
"SGCD",0
"SGCB",0
"SGCA",0
"DUSP8",1
"DUSP5",1
"DUSP4",0
"DUSP7",0
"DUSP6",0
"DUSP1",1
"DUSP3",0
"DUSP2",0
"NKD1",0
"RBL1",0
"RBL2",0
"QDPR",0
"RDX",0
"HEY2",0
"HEY1",0
"RRAS",0
"LEP",0
"TAB3",0
"RPL37",0
"HDC",0
"TAB1",0
"ARFGAP3",0
"NUMA1",0
"HSPA1B",0
"HSPA1A",0
"PF4",0
"GPR55",0
"HSPA1L",0
"DGKZ",0
"IDH3B",0
"IDH3G",0
"ATP7A",0
"DGKQ",0
"DGKK",0
"DGKH",0
"HSPA5",0
"DGKA",0
"DGKG",0
"DGKD",0
"DGKE",0
"ZNF169",0
"PTGIR",0
"NEK2",0
"NPM1",0
"PEMT",0
"ATF1",0
"TXNDC12",0
"DGCR14",0
"PPP3R1",0
"MEN1",0
"SEMA4A",0
"SEMA4B",0
"SEMA4D",0
"SEMA4F",0
"PPAP2B",0
"SQRDL",0
"HSPA9",0
"SCN4A",0
"SERP1",0
"GALNT12",0
"CNDP2",0
"CDA",0
"NPL",0
"GALNT11",0
"NPB",0
"NPW",0
"LRP8",0
"ACTA2",0
"ZNF197",0
"ACTA1",0
"ZNF192",0
"TADA2B",0
"NR2C2AP",0
"PAICS",0
"VTA1",0
"ZNF222",0
"ZNF223",0
"ZNF224",0
"ZNF225",0
"ZNF226",0
"ZNF227",0
"KCNQ4",0
"KCNQ5",0
"KCNQ1",0
"VEGFA",0
"VEGFC",0
"VEGFB",0
"BNIP1",0
"BNIP2",0
"BNIP3",0
"KIR2DL3",0
"KIR2DL1",0
"FLOT1",0
"FLOT2",0
"KIR2DL4",0
"NCF1C",0
"STIM1",0
"OTUD5",0
"AP3M1",0
"AP3M2",0
"MIB2",0
"AKAP10",0
"HTRA2",0
"SPI1",0
"DNAH2",0
"DNAH3",0
"DNAH1",0
"TNKS1BP1",0
"COX7C",0
"BMPR1A",0
"TP73",0
"GLS2",0
"LAPTM4A",0
"SPCS1",0
"SPCS2",0
"LAPTM4B",0
"NLRC4",0
"WDR83",0
"ACER2",0
"ACER3",0
"HLA-DRA",0
"ACER1",0
"IMPDH1",0
"IMPDH2",0
"CXCR3",0
"PEA15",0
"CXCR1",0
"CXCR7",0
"CXCR6",0
"CXCR5",0
"CXCR4",0
"JAG2",0
"S100B",0
"APPBP2",0
"E4F1",0
"EXOC2",0
"EXOC3",0
"EXOC1",0
"HAP1",0
"EXOC7",0
"EXOC4",0
"EXOC5",0
"EXOC8",0
"ANK1",0
"ANK3",0
"MGAT4A",0
"CHRNG",0
"MGAT4B",0
"RAD17",0
"C5AR1",0
"TNRC6C",0
"TNRC6B",0
"TNNC2",0
"RSU1",0
"ARHGEF9",0
"ARHGEF6",0
"ARHGEF7",0
"ARHGEF4",0
"ARHGEF5",0
"ARHGEF2",0
"ARHGEF3",0
"ARHGEF1",0
"CDH1",0
"CDH2",0
"CDH4",0
"CENPO",0
"CENPN",0
"CENPM",0
"CENPL",0
"CENPK",0
"CENPJ",0
"CENPI",0
"CENPH",0
"CENPF",0
"CENPE",0
"RAMP1",0
"CENPB",0
"RAMP3",0
"CLCF1",0
"SSH2",0
"SSH3",0
"SSH1",0
"CENPT",0
"CENPQ",0
"CENPP",0
"LIN9",0
"ATP5G1",0
"PLEKHA7",0
"ACY1",0
"PLEKHA2",0
"CTPS",0
"DHX38",0
"TRIB3",0
"DHX35",0
"CABIN1",0
"MGAM",0
"B3GNTL1",0
"COL18A1",0
"TPT1",0
"ECSIT",0
"KLRG1",0
"ZNF500",0
"ZNF506",0
"TREM1",0
"TREM2",0
"RPL41",0
"MYH3",0
"GREB1",0
"RACGAP1",0
"MYH9",0
"ZNF436",0
"ZNF431",0
"CADM2",0
"CADM1",0
"FGD4",0
"FGD1",0
"FGD3",0
"FGD2",0
"CEP250",0
"VTN",0
"MERTK",0
"PIP5K1C",0
"PIP5K1B",0
"PIP5K1A",0
"KEAP1",0
"MYO9B",0
"POLA2",0
"POLA1",0
"PHF11",0
"PRSS1",0
"PRSS3",0
"SLC5A3",0
"SLC5A5",0
"SLC5A6",0
"RB1",1
"MAT2A",0
"MAT2B",0
"NR4A2",0
"NR4A3",0
"CARD11",0
"NR4A1",0
"ARR3",0
"CASC5",0
"COL24A1",1
"PXMP2",0
"AIM2",0
"PXMP4",0
"ABCC6",0
"RIPK3",0
"CUL4A",0
"CUL4B",0
"ABCC3",0
"SLC6A6",0
"NDUFB8",0
"NDUFB7",0
"NDUFB6",0
"SLC6A9",0
"SLC6A8",0
"NDUFB3",0
"NDUFB2",0
"NDUFB1",0
"ASB13",0
"GPR35",0
"SUGT1",0
"LAT2",0
"GCLM",0
"STAP1",0
"MAPRE1",0
"AQP3",0
"AQP1",0
"WDR11",0
"AQP9",0
"PATZ1",0
"RHAG",0
"NR1H2",0
"GUCY1B3",0
"MED29",0
"MED28",0
"STX2",0
"MED21",0
"MED20",0
"ENAH",0
"MED22",0
"MED25",0
"MED24",0
"MED27",0
"MED26",0
"SEPT5",0
"SEPT1",0
"SEPT2",0
"TRIAP1",0
"YARS",0
"CDK5R1",0
"RBM39",0
"EPHB2",0
"EPHB3",0
"EPHB1",0
"POM121",0
"EPHB4",0
"PARP4",0
"EPN1",0
"PARP1",0
"PARP2",0
"EPN2",0
"TP53INP1",0
"ALDH4A1",0
"ANKRA2",0
"NADK",0
"ACTC1",0
"DSN1",0
"ZNF30",0
"SH3GL1",0
"SLC10A1",0
"XCL1",0
"FHL2",0
"FTH1",0
"UGGT2",0
"UGGT1",0
"ZNF248",0
"TIMM17A",0
"ALDH7A1",0
"PAWR",0
"RAD51C",0
"GATAD2A",0
"MYLPF",0
"DCLRE1C",0
"YES1",0
"DNA2",0
"ECT2",0
"STAM2",0
"ZCCHC8",0
"KCNS1",0
"ZCCHC7",0
"RENBP",0
"SPOP",0
"TP53BP1",0
"THTPA",0
"ARID3A",0
"UPP1",0
"ACP5",0
"DARS",0
"LYPLA1",0
"LYPLA2",0
"CACNA2D2",0
"DARC",0
"S100A12",0
"C19orf40",0
"C19orf43",0
"AHCYL1",0
"ACP2",0
"AHCYL2",0
"GRK6",0
"GRK7",0
"GRK4",0
"GRK5",0
"CAPN2",0
"CAPN1",0
"RPE",0
"SPAG9",0
"P4HB",0
"HTR6",0
"HTR7",0
"RAE1",0
"KLHL9",0
"CAB39L",0
"KDELR2",0
"KDELR3",0
"KDELR1",0
"AANAT",0
"GNPTG",0
"TNXB",0
"CMAS",0
"AKT1S1",0
"GRAMD4",0
"PLEC",0
"SF3B14",0
"CLDN12",0
"CLDN10",0
"CLDN15",0
"SYNE1",0
"SYNE2",0
"TNFRSF13B",0
"TNFRSF13C",0
"C18orf55",0
"ZNF529",0
"ZNF528",0
"RNF144B",0
"STEAP3",0
"ARHGEF25",0
"ABI1",0
"DNM3",0
"GRHL1",0
"GCLC",0
"C1GALT1",0
"DAPK3",0
"DAPK2",0
"DAPK1",0
"ULK2",0
"ULK3",0
"NR3C1",0
"ULK1",0
"PIM2",0
"IL18R1",0
"TNF",0
"TRAP1",0
"LTB4R2",0
"STK11",0
"GPAT2",0
"FKBP5",0
"FKBP3",0
"FKBP8",0
"FKBP9",0
"SLC4A7",0
"NAPSA",0
"TYROBP",0
"SLC27A1",0
"SV2A",0
"SV2C",0
"SV2B",0
"SYMPK",0
"WIPI1",0
"ZNF285",0
"GRB10",0
"GM2A",0
"GRB14",0
"LAT",0
"AK1",0
"RFXANK",0
"ATP6V1D",0
"HSD17B10",0
"ATP6V1F",0
"ATP6V1A",0
"TBCC",0
"ATP6V1H",0
"CHRNA10",0
"GPR18",0
"NHP2L1",0
"AK5",0
"PANK1",0
"PANK3",0
"PANK2",0
"PANK4",0
"KIF2A",0
"KCNMA1",0
"KIF2C",0
"CAV1",0
"RAP1GDS1",0
"PLXNC1",0
"CBL",0
"PRDM4",0
"SLC22A5",0
"GPX3",0
"PDE6G",0
"PDE6D",0
"SLC22A3",0
"IL11RA",0
"FLNA",0
"PDE6H",0
"RCAN1",0
"ATF3",1
"RCAN2",0
"SGOL2",0
"PRKCSH",0
"EVPL",0
"UBE2J2",0
"BRIX1",0
"HIC1",0
"RBM17",0
"RBM15",0
"PARVB",0
"PARVA",0
"PARVG",0
"RXRA",0
"RXRB",0
"MVD",0
"ALDH9A1",0
"MVK",0
"SUCLA2",0
"ABCA6",0
"ABCA7",0
"ABCA5",0
"ABCA2",0
"ABCA3",0
"ABCA1",0
"RFT1",0
"TUBGCP2",0
"TUBGCP3",0
"TUBGCP5",0
"CBLL1",0
"MT2A",0
"PSMD8",0
"PSMD5",0
"PSMD4",0
"PSMD7",0
"PSMD6",0
"PSMD1",0
"PSMD3",0
"PSMD2",0
"ZNF18",0
"ZNF19",0
"ZNF14",0
"ZNF17",0
"ZNF10",0
"ZNF12",0
"SELPLG",0
"EIF2S3",0
"SCN8A",0
"RRN3",0
"MCFD2",0
"ST6GALNAC4",0
"ST6GALNAC3",0
"ST6GALNAC2",0
"NMUR1",0
"NCK1",0
"NCK2",0
"KIF13A",0
"CES4A",0
"LILRA1",0
"AVPR1A",0
"UPRT",0
"TNRC6A",0
"ZNF264",0
"ZNF266",0
"ZNF267",0
"ZNF263",0
"PLBD1",0
"MCHR1",0
"ADCY7",0
"KIRREL2",0
"KIRREL3",0
"HPSE",0
"YEATS4",0
"KLF8",0
"YIPF6",0
"CYB5R3",0
"VLDLR",0
"CYB5R1",0
"SPTAN1",0
"RBBP4",0
"PPP2R4",0
"MKL1",0
"DERL1",0
"MDC1",0
"SLC24A3",0
"DAP3",0
"RAG1",0
"EIF4H",0
"EIF4E",0
"FBN1",0
"BCAR1",0
"EIF4B",0
"CD96",0
"CD97",0
"TUBB",0
"EFNB2",0
"HDAC3",0
"HDAC2",0
"HDAC5",0
"PI4KB",0
"HDAC7",0
"HDAC6",0
"HDAC9",0
"CIRBP",0
"NDC80",0
"NMI",0
"CDT1",0
"TNFSF9",0
"TNFSF8",0
"CST3",0
"TNFSF4",0
"GMPPA",0
"GMPPB",0
"SND1",0
"DLC1",0
"KL",0
"RPL10A",0
"RAD52",0
"RAD51",0
"RAD50",0
"USP8",0
"USP1",0
"ROCK1P1",0
"USP7",0
"BBC3",0
"CEBPB",0
"CEBPA",0
"CEBPD",0
"PITPNA",0
"ZNF547",0
"PHKB",0
"ZNF546",0
"CEBPZ",0
"XRCC6",0
"KLRC2",0
"KLRC4",0
"TPP1",0
"TGOLN2",0
"TNFRSF11A",0
"SLC1A5",0
"CTNNA2",0
"ZNF548",0
"TGIF2",0
"TGIF1",0
"FES",0
"TOMM40",0
"TM7SF2",0
"MYL6",0
"MYL4",0
"MYL5",0
"ATP2C2",0
"ATP2C1",0
"MYL9",0
"TSNARE1",0
"TFB2M",0
"MPP5",0
"INHBB",0
"GP9",0
"GP5",0
"GP6",0
"SPTB",0
"GPI",0
"PSPN",0
"EXTL3",0
"ETFDH",0
"GPT",0
"MAN1A1",0
"MAN1A2",0
"ATIC",0
"RGS11",0
"MYLK",0
"HDAC11",0
"MYO5B",0
"MYO5A",0
"IKBKG",0
"GSPT2",0
"GORASP1",0
"CRTC1",0
"CRTC2",0
"FAM13B",0
"TSHR",0
"FAM13A",0
"LY86",0
"SUMF2",0
"SUMF1",0
"NCALD",0
"ZBP1",0
"GSTM1",0
"GNL3",0
"GBP3",0
"GBP1",0
"GBP7",0
"MAN2A2",0
"MAN2A1",0
"GBP4",0
"EDA2R",0
"GALK1",0
"GALK2",0
"POLE4",0
"POLE3",0
"POLE2",0
"STK36",0
"STK39",0
"PLA2G15",0
"SYN2",0
"LCK",0
"SYN1",0
"CD4",0
"CD5",0
"CD6",0
"CD7",0
"CD2",0
"CD9",0
"APH1B",0
"APH1A",0
"STAT4",0
"STAT3",0
"STAT2",0
"STAT1",0
"CHRNB1",0
"CHRNB2",0
"HBEGF",0
"HTATSF1",0
"MTMR6",0
"AKR1B1",0
"ZNRD1",0
"TOLLIP",0
"PLXNA3",0
"PLXNA2",0
"PLXNA1",0
"ASNS",0
"MRPS27",0
"PDE4B",0
"RHEB",0
"PDE4D",0
"SCAI",0
"MRPS25",0
"MAP2K3",0
"MAP2K2",0
"MAP2K1",0
"MAP3K11",0
"MAP2K7",0
"MAP2K6",0
"MAP2K5",0
"MAP2K4",0
"RAP1GAP",0
"NR1H3",0
"ACTL6A",0
"ATP5G3",0
"ATP5G2",0
"MTR",0
"SUCLG2",0
"SUCLG1",0
"ALDOA",0
"ALDOC",0
"SMARCAL1",0
"ABCC4",0
"ABCC5",0
"ABCC1",0
"ABCC2",0
"NMT2",0
"TMOD1",0
"NMT1",0
"PSMF1",0
"RPL22L1",0
"RYR1",0
"RYR3",0
"RYR2",0
"GOLGA2",0
"EDN1",0
"EDN3",0
"SLCO3A1",0
"PDPR",0
"ENPP3",0
"ENPP1",0
"GIPC1",0
"CSNK2A2",0
"CSNK2A1",0
"PTMA",0
"FZR1",0
"HBG2",1
"CD2AP",0
"PTGES3",0
"SLC2A6",0
"CPS1",0
"COL8A2",0
"PDGFB",0
"UBE2L6",0
"GLUL",0
"DNM1",0
"UBE2L3",0
"DNM2",0
"TGFA",0
"PREX1",0
"ZNF287",0
"BET1L",0
"ZNF282",0
"SLC14A2",0
"SLC14A1",0
"ORC3",0
"GYS1",0
"PLAU",1
"STT3B",0
"STT3A",0
"PLAT",0
"RFXAP",0
"ETV5",0
"ETV4",0
"SNF8",0
"SULT1B1",0
"TUBA8",0
"RAD23B",0
"RAD23A",0
"IKZF1",0
"IKZF3",0
"SACM1L",0
"IL4I1",0
"PLEKHG2",0
"SLC13A3",0
"SLC13A5",0
"PRDM1",0
"STON1",0
"RGS17",0
"RGS12",0
"PSPH",0
"RGS18",0
"TIMM22",0
"VCAN",0
"SLC33A1",0
"VANGL1",0
"ELF1",0
"ELF2",0
"PRPS2",0
"PRPS1",0
"EXOSC6",0
"NDN",0
"BRPF3",0
"LDHD",0
"GMPR2",0
"LDHA",0
"LDHB",0
"LDHC",0
"ACAP1",0
"ACAP2",0
"ACAP3",0
"CFL2",0
"CFL1",0
"SELL",0
"NFIB",0
"PLEKHG6",0
"SLC7A10",0
"SLC7A11",0
"GNGT2",0
"PTRF",0
"SERPINH1",0
"SELP",0
